scene,spawn_order,actor_type,descriptor_source,script_source,script_offset,plus_1ac,plus_1b0,plus_1b4,writera_available,first_cmd,first_cmd_sha256,first_yield,first_unresolved,consumer,confidence,notes
m0367i,0,1,m0367i_chunk2+0x1C6D4,m0367i_chunk2,0x1B454,0,0,unfilled_gated_on_1AC,NO_TYPE1_ROW,NONE,,+20/0x02,NONE,125E0 type1,PROVEN,first VM 0x40; persist 0x09 tag 74; no 0x2E; no clip required
m0367i,1,2,type1 0x08 0x54,m0367i_chunk2,0x1C230,B0E70[2] c55bd4c8c80895452ae3c6d786e4cbfa403311cee384aa87e63360231bf86015,0_until_0x2E,in_actor_dest_after_1AC,YES_BEFORE_SPAWN,0x09,6bd22d6ce60cab2b0d70ec11433cd51d321394b9f9d1533da14ec8b02e970eb3,+A0/0x02,NONE,0x2E +0x94,PROVEN,idB=0 pose0; Writer A 300B frames=1; first consumed shared cmd 0x09 only
m0367i,2,2,type1 0x08 0x98,m0367i_chunk2,0x1C230,B0E70[2] c55bd4c8c80895452ae3c6d786e4cbfa403311cee384aa87e63360231bf86015,0_until_0x2E,in_actor_dest_after_1AC,YES_BEFORE_SPAWN,0x09,6bd22d6ce60cab2b0d70ec11433cd51d321394b9f9d1533da14ec8b02e970eb3,+A0/0x02,NONE,0x2E +0x94,PROVEN,idB=0 pose0; Writer A 300B frames=1; first consumed shared cmd 0x09 only
m0367i,3,4,type1 0x08 0xB4,m0367i_chunk2,0x1C3D4,B0E70[4] acec62834711c862d1abf5e50e1efc39ce5268ec159106487c79c811fac80b24,0_until_0x2E,in_actor_dest_after_1AC,YES_BEFORE_SPAWN,0x07,685f3ea8a841b2d5251d23c160922ad6141ef49839ad60424ed5b2995799c470,+114/0x30,NONE,0x2E +0xF0,PROVEN,idB=0 pose0; Writer A 4888B frames=90; 0x9D is not a clip publisher
m0367i,4,3,type1 0x08 0xF8,m0367i_chunk2,0x1C32C,B0E70[3] c55bd4c8c80895452ae3c6d786e4cbfa403311cee384aa87e63360231bf86015,0_until_0x2E,in_actor_dest_after_1AC,YES_BEFORE_SPAWN,0x09,6bd22d6ce60cab2b0d70ec11433cd51d321394b9f9d1533da14ec8b02e970eb3,+90/0x02,NONE,0x2E +0x84,PROVEN,idB=0 pose0; Writer A 300B frames=1; first consumed shared cmd 0x09 only
m0367i,5,4,type1 0x08 0x114,m0367i_chunk2,0x1C3D4,B0E70[4] acec62834711c862d1abf5e50e1efc39ce5268ec159106487c79c811fac80b24,0_until_0x2E,in_actor_dest_after_1AC,YES_BEFORE_SPAWN,0x07,685f3ea8a841b2d5251d23c160922ad6141ef49839ad60424ed5b2995799c470,+114/0x30,NONE,0x2E +0xF0,PROVEN,idB=0 pose0; Writer A 4888B frames=90; 0x9D is not a clip publisher
m0367i,6,2,type1 0x08 0x158,m0367i_chunk2,0x1C230,B0E70[2] c55bd4c8c80895452ae3c6d786e4cbfa403311cee384aa87e63360231bf86015,0_until_0x2E,in_actor_dest_after_1AC,YES_BEFORE_SPAWN,0x09,6bd22d6ce60cab2b0d70ec11433cd51d321394b9f9d1533da14ec8b02e970eb3,+A0/0x02,NONE,0x2E +0x94,PROVEN,idB=0 pose0; Writer A 300B frames=1; first consumed shared cmd 0x09 only
m0367i,7,3,type1 0x08 0x174,m0367i_chunk2,0x1C32C,B0E70[3] c55bd4c8c80895452ae3c6d786e4cbfa403311cee384aa87e63360231bf86015,0_until_0x2E,in_actor_dest_after_1AC,YES_BEFORE_SPAWN,0x09,6bd22d6ce60cab2b0d70ec11433cd51d321394b9f9d1533da14ec8b02e970eb3,+90/0x02,NONE,0x2E +0x84,PROVEN,idB=0 pose0; Writer A 300B frames=1; first consumed shared cmd 0x09 only
m0367i,8,4,type1 0x08 0x190,m0367i_chunk2,0x1C3D4,B0E70[4] acec62834711c862d1abf5e50e1efc39ce5268ec159106487c79c811fac80b24,0_until_0x2E,in_actor_dest_after_1AC,YES_BEFORE_SPAWN,0x07,685f3ea8a841b2d5251d23c160922ad6141ef49839ad60424ed5b2995799c470,+114/0x30,NONE,0x2E +0xF0,PROVEN,idB=0 pose0; Writer A 4888B frames=90; 0x9D is not a clip publisher
