package_id,token,decoded_name,table_index,rel,packed,sectors,peimg_lba_range,size,sha256,compression,decoded_structure,consumer,writer,confidence,notes
m0005i,0xA80002C8,M0005I,4,0x266A,0x0600A921,33+169+96,"[10847,11145)",610304,fc48530a84811c31ebf4cde06bb12c9c7bcc815348db8dd8c2bb7dacd3410724,none_form1_user,3-chunk field package; chunk2 hdr@+4,func_8006B4F8,PE.IMG table D_80093378[4],PROVEN,NYPD/Eve-intro room; first 0x89 at module 6 +0x350C
m0005i_chunk0,0xA80002C8,M0005I,4,0x266A,0x0600A921,33,"[10847,10880)",67584,4357feb42ebb58f29f3b04e00f72b12c0a56901eb3917ebeff32a84a0e8ff62f,none_form1_user,6B4F8 dest overlay+0x194,func_8006B4F8 / 6E6A8,PE.IMG,PROVEN,
m0005i_chunk1,0xA80002C8,M0005I,4,0x266A,0x0600A921,169,"[10880,11049)",346112,f17d8cb700ca4a3c11f98037206e73f9e08c60340d70300a529f4af76361fe04,none_form1_user,6B4F8 dest overlay+0x168,func_8006B4F8 / 6E6A8,PE.IMG,PROVEN,
m0005i_chunk2,0xA80002C8,M0005I,4,0x266A,0x0600A921,96,"[11049,11145)",196608,01a64ba3769dae259e9c3151aa9eaacf977a44ac7db4ec8053f2d338ef017e3b,none_form1_user,scripts+Writer A+B0E70+12574; dest overlay+0x18C,func_8006B4F8 publish cut,PE.IMG,PROVEN,hdr@0x2faf0
ce2_14_clip_bank,CE2=14,,D_800930D8[22..23],396,,32,"[1409,1441)",65536,db785a5eea1f78f945284e57955605326f5856adda1ebc83d0a95d7a0142b1b2,none_form1_user,Writer B 12-byte dir; type-0 commands,func_8001A680 via D_800B0E98,func_8006BECC state6 / 6C140,PROVEN,6C1CC(a0=1) sets CE2=14; 144FC/29810 do not jal it
m0367i,0xA80663C8,M0367I,366,0x15050,0x04E0AA21,33+170+78,"[87109,87390)",575488,671d8c53b0c12b13e1580b844e37c51dc6120b6cf7af78472037d7ed1a7da6de,none_form1_user,3-chunk dest package; 6B4F8 reload,func_8006B4F8,0x31 store D_8009D280,PROVEN,watch-arm dest after m0005i; do not infer story meaning
m0367i_chunk2,0xA80663C8,M0367I,366,0x15050,0x04E0AA21,78,"[87312,87390)",159744,ab9af4f446a6f9a1f8f79f1f80b862c4d516beddbede1229afab2dfc30b44b1e,none_form1_user,hdr@0x2696c; Writer A count 36; hdr+0x0C count 3,func_8006B4F8 publish cut,PE.IMG,PROVEN,
ce2_14_clip_ptr_5D40,CE2=14,,"idB=0,1,2,3,7,22,23,28",0x5D40,,,"[1409,1441)",3796,cabc0c490153091a3d83b5f79da71c108d1cbe5004276ccae70707397e25e85e,none,clip enc=1 bones-1=30 frames=69,func_8001A680 +0x1B0,func_8006C140 Writer B,PROVEN,type-0 command bank; do not name clip
ce2_14_clip_ptr_6C14,CE2=14,,idB=4,0x6C14,,,"[1409,1441)",1700,6207fbca2fe44a3549bf0b7fbcf1ce3e979a0a12e8b130e606ea4a985b1885e4,none,clip enc=1 bones-1=30 frames=18,func_8001A680 +0x1B0,func_8006C140 Writer B,PROVEN,type-0 command bank; do not name clip
ce2_14_clip_ptr_72B8,CE2=14,,idB=5,0x72B8,,,"[1409,1441)",3564,6d6161c745865935c85c6d93269d77b4413ee6b2c663dae19fd461713c7a020a,none,clip enc=1 bones-1=30 frames=48,func_8001A680 +0x1B0,func_8006C140 Writer B,PROVEN,type-0 command bank; do not name clip
ce2_14_clip_ptr_80A4,CE2=14,,idB=6,0x80A4,,,"[1409,1441)",1796,ff260cd6f44ea4156549737e8ee1f41d7ea9d4b875c835a67491d58a7be1079f,none,clip enc=1 bones-1=30 frames=21,func_8001A680 +0x1B0,func_8006C140 Writer B,PROVEN,type-0 command bank; do not name clip
ce2_14_clip_ptr_87A8,CE2=14,,idB=8,0x87A8,,,"[1409,1441)",856,0917a6e4eacff43d49bd1c37ce5f880cce5197366366674df5059cc22e216a5a,none,clip enc=1 bones-1=30 frames=11,func_8001A680 +0x1B0,func_8006C140 Writer B,PROVEN,type-0 command bank; do not name clip
ce2_14_clip_ptr_8B00,CE2=14,,idB=9,0x8B00,,,"[1409,1441)",2244,4e9ecaa6fafe7352b2cb8aa021539d48fe6ee1d2294774404ebbc1b0f521e0d0,none,clip enc=1 bones-1=30 frames=28,func_8001A680 +0x1B0,func_8006C140 Writer B,PROVEN,type-0 command bank; do not name clip
ce2_14_clip_ptr_93C4,CE2=14,,idB=10,0x93C4,,,"[1409,1441)",1688,0d2c6f5ea8b2ffbdfa306fae51003e6735f2e529e9fb83ff31882140d16f99de,none,clip enc=1 bones-1=30 frames=22,func_8001A680 +0x1B0,func_8006C140 Writer B,PROVEN,type-0 command bank; do not name clip
ce2_14_clip_ptr_9A5C,CE2=14,,idB=11,0x9A5C,,,"[1409,1441)",3316,5fc79d2935db712f39ec3685f2a99aa6f2f9dc63aa647e087f5bcb3cca4cb5ab,none,clip enc=1 bones-1=30 frames=41,func_8001A680 +0x1B0,func_8006C140 Writer B,PROVEN,type-0 command bank; do not name clip
ce2_14_clip_ptr_A750,CE2=14,,idB=12,0xA750,,,"[1409,1441)",1436,1844686e2a12ea56534932b339a4668d25672771310c1853fb011e0d42c1546a,none,clip enc=1 bones-1=30 frames=21,func_8001A680 +0x1B0,func_8006C140 Writer B,PROVEN,type-0 command bank; do not name clip
ce2_14_clip_ptr_ACEC,CE2=14,,idB=13,0xACEC,,,"[1409,1441)",3668,fe471967e3e67962d79033d408f39b73818a098f8c25774f0b5268c39df22e10,none,clip enc=1 bones-1=30 frames=51,func_8001A680 +0x1B0,func_8006C140 Writer B,PROVEN,type-0 command bank; do not name clip
ce2_14_clip_ptr_BB40,CE2=14,,idB=14,0xBB40,,,"[1409,1441)",1616,5b46c68115efd821856cc55eb889d613ccc00c1acff2e4b367dd1bb6188484bf,none,clip enc=1 bones-1=30 frames=20,func_8001A680 +0x1B0,func_8006C140 Writer B,PROVEN,type-0 command bank; do not name clip
ce2_14_clip_ptr_C190,CE2=14,,idB=15,0xC190,,,"[1409,1441)",2512,bd7f377cb574db9c963ad85ee08a9706db3197ede530bbb2e5c700ce9430780a,none,clip enc=1 bones-1=30 frames=34,func_8001A680 +0x1B0,func_8006C140 Writer B,PROVEN,type-0 command bank; do not name clip
ce2_14_clip_ptr_CB60,CE2=14,,idB=16,0xCB60,,,"[1409,1441)",640,e631c68c76612370812c8fdba3ee63cc1ed1a3c8aad4afd394af5b0c17882f0d,none,clip enc=1 bones-1=30 frames=6,func_8001A680 +0x1B0,func_8006C140 Writer B,PROVEN,type-0 command bank; do not name clip
ce2_14_clip_ptr_CDE0,CE2=14,,idB=17,0xCDE0,,,"[1409,1441)",2172,06cf3147bf51452033259598504c036a410f87b3c7e6be7227dc6c6ee573260d,none,clip enc=1 bones-1=30 frames=24,func_8001A680 +0x1B0,func_8006C140 Writer B,PROVEN,type-0 command bank; do not name clip
ce2_14_clip_ptr_D65C,CE2=14,,idB=18,0xD65C,,,"[1409,1441)",2084,900fc974bc4b34538cae0d781d0bd7623975e298a126d7c10206a4bf68b71433,none,clip enc=1 bones-1=30 frames=26,func_8001A680 +0x1B0,func_8006C140 Writer B,PROVEN,type-0 command bank; do not name clip
ce2_14_clip_ptr_DE80,CE2=14,,idB=19,0xDE80,,,"[1409,1441)",2708,2fc4ba41e78c45322882bb7c88c75f892ced8c2fcb691fd52c1509441c868514,none,clip enc=1 bones-1=30 frames=34,func_8001A680 +0x1B0,func_8006C140 Writer B,PROVEN,type-0 command bank; do not name clip
ce2_14_clip_ptr_E914,CE2=14,,idB=20,0xE914,,,"[1409,1441)",1556,365799d5fdabd71c44b8d8cb4f60c1414f751d66a5108ef7c5d39e7867ddbcf9,none,clip enc=1 bones-1=30 frames=20,func_8001A680 +0x1B0,func_8006C140 Writer B,PROVEN,type-0 command bank; do not name clip
ce2_14_clip_ptr_EF28,CE2=14,,idB=21,0xEF28,,,"[1409,1441)",2776,194a37c66679857b8a4ca3e8df72b3812cb5fafb2e03dbeb45c9e79b3fda1537,none,clip enc=1 bones-1=30 frames=34,func_8001A680 +0x1B0,func_8006C140 Writer B,PROVEN,type-0 command bank; do not name clip
m0005i_writera_ptr_EFBC,0xA80002C8,M0005I,t0_c18,0xEFBC,,,m0005i_chunk2+0xEFBC,1272,03f7338305ade7941ff5115bbacc5dd83481dc3cdc4058f5ea043a65617fd24c,none,Writer A payload b0=1 b1=30 b2=30,func_8001A680 +0x1B0,func_8006B84C Writer A,PROVEN,room package clips; type-0 has no cmd 4 here
m0005i_writera_ptr_F4B4,0xA80002C8,M0005I,t0_c1D,0xF4B4,,,m0005i_chunk2+0xF4B4,6796,3e9d84731a161bec3f89abc0b05c2f0ad465a60f1fb7cf807f3006a9e07b5e50,none,Writer A payload b0=2 b1=30 b2=80,func_8001A680 +0x1B0,func_8006B84C Writer A,PROVEN,room package clips; type-0 has no cmd 4 here
m0005i_writera_ptr_10F40,0xA80002C8,M0005I,t0_c1E,0x10F40,,,m0005i_chunk2+0x10F40,10796,85170bf01e1bd9419fd9a1d5ab91837a975cb2c3320b02792cb926cc70111832,none,Writer A payload b0=2 b1=30 b2=105,func_8001A680 +0x1B0,func_8006B84C Writer A,PROVEN,room package clips; type-0 has no cmd 4 here
m0005i_writera_ptr_1396C,0xA80002C8,M0005I,t0_c1F,0x1396C,,,m0005i_chunk2+0x1396C,4716,77343a19f342efda44e564306c077ce8cf53667ae3264f460fcdf6b91c64287f,none,Writer A payload b0=2 b1=30 b2=40,func_8001A680 +0x1B0,func_8006B84C Writer A,PROVEN,room package clips; type-0 has no cmd 4 here
m0005i_writera_ptr_14BD8,0xA80002C8,M0005I,t0_c20,0x14BD8,,,m0005i_chunk2+0x14BD8,1344,51e84dd712d7a9869459edd14080efec19316365fd8e15b9e15480143175660f,none,Writer A payload b0=1 b1=30 b2=22,func_8001A680 +0x1B0,func_8006B84C Writer A,PROVEN,room package clips; type-0 has no cmd 4 here
m0005i_writera_ptr_15118,0xA80002C8,M0005I,t2_c02,0x15118,,,m0005i_chunk2+0x15118,3180,8314abb4cb5fe14ef3eee7f07d5964542f573cccc01ebc50ffb278cd600400b2,none,Writer A payload b0=0 b1=27 b2=60,func_8001A680 +0x1B0,func_8006B84C Writer A,PROVEN,room package clips; type-0 has no cmd 4 here
m0005i_writera_ptr_15D84,0xA80002C8,M0005I,t2_c04,0x15D84,,,m0005i_chunk2+0x15D84,3060,f72c8671677ce07ed7128e07df023445ab721692bf0b4907abd5f61e1c1f5dbe,none,Writer A payload b0=1 b1=27 b2=60,func_8001A680 +0x1B0,func_8006B84C Writer A,PROVEN,room package clips; type-0 has no cmd 4 here
m0005i_writera_ptr_16978,0xA80002C8,M0005I,t2_c06,0x16978,,,m0005i_chunk2+0x16978,2352,95a5c9ea40702959b122f8ff46a9dfb274f1adb69a6b661822226c3b23028412,none,Writer A payload b0=0 b1=27 b2=39,func_8001A680 +0x1B0,func_8006B84C Writer A,PROVEN,room package clips; type-0 has no cmd 4 here
m0005i_writera_ptr_172A8,0xA80002C8,M0005I,t2_c07,0x172A8,,,m0005i_chunk2+0x172A8,2772,72d24929ac517e4d54008bb8d064d1040d27711e8a9f6a8ec3cf3803de78e910,none,Writer A payload b0=0 b1=27 b2=42,func_8001A680 +0x1B0,func_8006B84C Writer A,PROVEN,room package clips; type-0 has no cmd 4 here
m0005i_writera_ptr_17D7C,0xA80002C8,M0005I,t2_c08,0x17D7C,,,m0005i_chunk2+0x17D7C,1092,f0d27a37d060442df5fbe7dc0f094bae646cc0829418368e09f776e8091d04e8,none,Writer A payload b0=1 b1=27 b2=12,func_8001A680 +0x1B0,func_8006B84C Writer A,PROVEN,room package clips; type-0 has no cmd 4 here
m0005i_writera_ptr_181C0,0xA80002C8,M0005I,t2_c09,0x181C0,,,m0005i_chunk2+0x181C0,1396,f2f606890a087da207e78d853fedc785e4a505daaefbccd5f44242e5ea911105,none,Writer A payload b0=1 b1=27 b2=18,func_8001A680 +0x1B0,func_8006B84C Writer A,PROVEN,room package clips; type-0 has no cmd 4 here
m0005i_writera_ptr_18734,0xA80002C8,M0005I,"t2_c10,t2_c13",0x18734,,,m0005i_chunk2+0x18734,6300,9a621ed919f012f99d70ebfd5dc7e8844348d1ddd5ee262e6a947d00382a2063,none,Writer A payload b0=1 b1=27 b2=108,func_8001A680 +0x1B0,func_8006B84C Writer A,PROVEN,room package clips; type-0 has no cmd 4 here
m0005i_writera_ptr_19FD0,0xA80002C8,M0005I,t2_c14,0x19FD0,,,m0005i_chunk2+0x19FD0,3720,40e8b1c793d4dd69adcfff3fb83968c1ea83307dbb60f92070da441fab1df572,none,Writer A payload b0=1 b1=27 b2=60,func_8001A680 +0x1B0,func_8006B84C Writer A,PROVEN,room package clips; type-0 has no cmd 4 here
m0005i_writera_ptr_1AE58,0xA80002C8,M0005I,t2_c15,0x1AE58,,,m0005i_chunk2+0x1AE58,9564,4be88f266de1bfbae5256db7dfaf153c1844f0ba5316997e4cedf6e2ff92c237,none,Writer A payload b0=1 b1=27 b2=156,func_8001A680 +0x1B0,func_8006B84C Writer A,PROVEN,room package clips; type-0 has no cmd 4 here
m0005i_writera_ptr_1D3B4,0xA80002C8,M0005I,t2_c16,0x1D3B4,,,m0005i_chunk2+0x1D3B4,8180,156bf04dbc4e4e0cbbe7bf10d808a1e6b0e4ce700d3133771bba9814cfb129cd,none,Writer A payload b0=1 b1=27 b2=126,func_8001A680 +0x1B0,func_8006B84C Writer A,PROVEN,room package clips; type-0 has no cmd 4 here
m0005i_writera_ptr_1F3A8,0xA80002C8,M0005I,t2_c17,0x1F3A8,,,m0005i_chunk2+0x1F3A8,3540,620acc5e9bc9b3524ca0c7018549583a418e2e70e5f42c1520da8b78217f6928,none,Writer A payload b0=1 b1=27 b2=51,func_8001A680 +0x1B0,func_8006B84C Writer A,PROVEN,room package clips; type-0 has no cmd 4 here
m0005i_writera_ptr_2017C,0xA80002C8,M0005I,t5_c00,0x2017C,,,m0005i_chunk2+0x2017C,60,2246b5cf1e77b334341c4b356b0d0955ef863810c8000c69eaefb4512f4ba761,none,Writer A payload b0=1 b1=2 b2=1,func_8001A680 +0x1B0,func_8006B84C Writer A,PROVEN,room package clips; type-0 has no cmd 4 here
m0005i_writera_ptr_201B8,0xA80002C8,M0005I,t5_c01,0x201B8,,,m0005i_chunk2+0x201B8,88,ef2267a10be1d80a15c1a8e5331a189b6597ac197aa17ab9a728b75035dfcd91,none,Writer A payload b0=1 b1=2 b2=30,func_8001A680 +0x1B0,func_8006B84C Writer A,PROVEN,room package clips; type-0 has no cmd 4 here
m0005i_writera_ptr_20210,0xA80002C8,M0005I,t5_c02,0x20210,,,m0005i_chunk2+0x20210,60,b4fde2e5ad1067fabdca7bd9c1856c5e6608998f72b43f2ce561051b3ab1bb25,none,Writer A payload b0=1 b1=2 b2=1,func_8001A680 +0x1B0,func_8006B84C Writer A,PROVEN,room package clips; type-0 has no cmd 4 here
m0005i_writera_ptr_2024C,0xA80002C8,M0005I,t5_c03,0x2024C,,,m0005i_chunk2+0x2024C,88,9bff1210616f4f41c7b9acc8aaae8f1c757f1f321099f06808680a9ec143002e,none,Writer A payload b0=1 b1=2 b2=30,func_8001A680 +0x1B0,func_8006B84C Writer A,PROVEN,room package clips; type-0 has no cmd 4 here
m0367i_b0e70_ptr_8,0xA80663C8,M0367I,"idB=2,3",0x8,,,m0367i_chunk2+0x8,24248,c55bd4c8c80895452ae3c6d786e4cbfa403311cee384aa87e63360231bf86015,none,"hdr+0x0C resource object b=28,30,23",func_80035038 +0x1AC,func_8006B4F8 6B804,PROVEN,not the 125E0 type-1 object; type 1 B0E70 stays empty
m0367i_b0e70_ptr_5EC0,0xA80663C8,M0367I,idB=4,0x5EC0,,,m0367i_chunk2+0x5EC0,21524,acec62834711c862d1abf5e50e1efc39ce5268ec159106487c79c811fac80b24,none,"hdr+0x0C resource object b=238,26,23",func_80035038 +0x1AC,func_8006B4F8 6B804,PROVEN,not the 125E0 type-1 object; type 1 B0E70 stays empty
