scene,ida,idb,source,source_offset,dest_slot,writer_pc,size,frames,sha256,first_consumer,live_before_spawn,consumed_first_visit,confidence,notes
m0367i,0,0x18,m0367i_chunk2,0xB2D4,D_800B0E98[0*192+24*4],0x8006B84C,1272,30,03f7338305ade7941ff5115bbacc5dd83481dc3cdc4058f5ea043a65617fd24c,dormant_until_route,YES,NO,PROVEN,no type-1 row
m0367i,2,0x00,m0367i_chunk2,0xB7CC,D_800B0E98[2*192+0*4],0x8006B84C,300,1,74ba5c54239129747dc470ce310de99121930f9e2cc1195855c16dbc7d7a426b,dormant_until_route,YES,NO,PROVEN,no type-1 row
m0367i,2,0x01,m0367i_chunk2,0xB8F8,D_800B0E98[2*192+1*4],0x8006B84C,1376,30,fa5111e33f7ddfe38f9f3824db340e32b19690decf7de2f0969aa7e0d63598c6,dormant_until_route,YES,NO,PROVEN,no type-1 row
m0367i,2,0x02,m0367i_chunk2,0xBE58,D_800B0E98[2*192+2*4],0x8006B84C,1000,18,ffe09d10cf07add61050b2c98bbd5a20e9b68b4334d0142c392514fb54a90a3e,dormant_until_route,YES,NO,PROVEN,no type-1 row
m0367i,2,0x03,m0367i_chunk2,0xC240,D_800B0E98[2*192+3*4],0x8006B84C,2348,70,205b686f52ea01caf335da54438dd1acb61022c67b6d916a0abbf20b6a20aada,dormant_until_route,YES,NO,PROVEN,no type-1 row
m0367i,2,0x04,m0367i_chunk2,0xCB6C,D_800B0E98[2*192+4*4],0x8006B84C,3032,70,42dfa883c6ca0b6b175a06476231c47d0934acf9238cd99549f8844e9f79415b,dormant_until_route,YES,NO,PROVEN,no type-1 row
m0367i,2,0x05,m0367i_chunk2,0xD744,D_800B0E98[2*192+5*4],0x8006B84C,3740,80,77b35e6ee2b83dc2b2bdab4e4158f90de550096b2bced74d4aab8d32e86b9159,dormant_until_route,YES,NO,PROVEN,no type-1 row
m0367i,2,0x06,m0367i_chunk2,0xE5E0,D_800B0E98[2*192+6*4],0x8006B84C,3900,80,e193ce524f60193c6713a0b16aef0a1b3b092abdb3507afb82d396933b760326,dormant_until_route,YES,NO,PROVEN,no type-1 row
m0367i,2,0x07,m0367i_chunk2,0xF51C,D_800B0E98[2*192+7*4],0x8006B84C,3260,80,feffd5a761770b2195d4b94c310cfa542bd6b4b399c6e4bbda9654c24c48aa13,dormant_until_route,YES,NO,PROVEN,no type-1 row
m0367i,2,0x08,m0367i_chunk2,0x101D8,D_800B0E98[2*192+8*4],0x8006B84C,3236,70,e7de4e7053ed0b8f7c7e8a1ee47787fb3e66e959cfa5fb0e3c842691711ed44d,dormant_until_route,YES,NO,PROVEN,no type-1 row
m0367i,2,0x09,m0367i_chunk2,0x10E7C,D_800B0E98[2*192+9*4],0x8006B84C,300,1,6bd22d6ce60cab2b0d70ec11433cd51d321394b9f9d1533da14ec8b02e970eb3,type2 0x2E +0x94,YES,YES,PROVEN,no type-1 row
m0367i,2,0x0A,m0367i_chunk2,0x10FA8,D_800B0E98[2*192+10*4],0x8006B84C,3712,70,ccb4bde8d552e177d0c29fc6e64e3c3dee6dda0b4c096779df39e89f54d86630,dormant_until_route,YES,NO,PROVEN,no type-1 row
m0367i,3,0x00,m0367i_chunk2,0xB7CC,D_800B0E98[3*192+0*4],0x8006B84C,300,1,74ba5c54239129747dc470ce310de99121930f9e2cc1195855c16dbc7d7a426b,dormant_until_route,YES,NO,PROVEN,no type-1 row
m0367i,3,0x01,m0367i_chunk2,0xB8F8,D_800B0E98[3*192+1*4],0x8006B84C,1376,30,fa5111e33f7ddfe38f9f3824db340e32b19690decf7de2f0969aa7e0d63598c6,dormant_until_route,YES,NO,PROVEN,no type-1 row
m0367i,3,0x02,m0367i_chunk2,0xBE58,D_800B0E98[3*192+2*4],0x8006B84C,1000,18,ffe09d10cf07add61050b2c98bbd5a20e9b68b4334d0142c392514fb54a90a3e,dormant_until_route,YES,NO,PROVEN,no type-1 row
m0367i,3,0x03,m0367i_chunk2,0xC240,D_800B0E98[3*192+3*4],0x8006B84C,2348,70,205b686f52ea01caf335da54438dd1acb61022c67b6d916a0abbf20b6a20aada,dormant_until_route,YES,NO,PROVEN,no type-1 row
m0367i,3,0x04,m0367i_chunk2,0xCB6C,D_800B0E98[3*192+4*4],0x8006B84C,3032,70,42dfa883c6ca0b6b175a06476231c47d0934acf9238cd99549f8844e9f79415b,dormant_until_route,YES,NO,PROVEN,no type-1 row
m0367i,3,0x05,m0367i_chunk2,0xD744,D_800B0E98[3*192+5*4],0x8006B84C,3740,80,77b35e6ee2b83dc2b2bdab4e4158f90de550096b2bced74d4aab8d32e86b9159,dormant_until_route,YES,NO,PROVEN,no type-1 row
m0367i,3,0x06,m0367i_chunk2,0xE5E0,D_800B0E98[3*192+6*4],0x8006B84C,3900,80,e193ce524f60193c6713a0b16aef0a1b3b092abdb3507afb82d396933b760326,dormant_until_route,YES,NO,PROVEN,no type-1 row
m0367i,3,0x07,m0367i_chunk2,0xF51C,D_800B0E98[3*192+7*4],0x8006B84C,3260,80,feffd5a761770b2195d4b94c310cfa542bd6b4b399c6e4bbda9654c24c48aa13,dormant_until_route,YES,NO,PROVEN,no type-1 row
m0367i,3,0x08,m0367i_chunk2,0x101D8,D_800B0E98[3*192+8*4],0x8006B84C,3236,70,e7de4e7053ed0b8f7c7e8a1ee47787fb3e66e959cfa5fb0e3c842691711ed44d,dormant_until_route,YES,NO,PROVEN,no type-1 row
m0367i,3,0x09,m0367i_chunk2,0x10E7C,D_800B0E98[3*192+9*4],0x8006B84C,300,1,6bd22d6ce60cab2b0d70ec11433cd51d321394b9f9d1533da14ec8b02e970eb3,type3 0x2E +0x84,YES,YES,PROVEN,no type-1 row
m0367i,3,0x0A,m0367i_chunk2,0x10FA8,D_800B0E98[3*192+10*4],0x8006B84C,3712,70,ccb4bde8d552e177d0c29fc6e64e3c3dee6dda0b4c096779df39e89f54d86630,dormant_until_route,YES,NO,PROVEN,no type-1 row
m0367i,4,0x00,m0367i_chunk2,0x11E28,D_800B0E98[4*192+0*4],0x8006B84C,300,1,af1520227b986fb6b1e5958cbf6d5ba47d6abe83f49f52043b9b7fe2fedc0c5f,type4 later 0x2E +0x21C,YES,YES,PROVEN,no type-1 row
m0367i,4,0x01,m0367i_chunk2,0x11F54,D_800B0E98[4*192+1*4],0x8006B84C,1712,42,b4331c8a7880b8ac5752515f68935cf5199cd8703ee2482ea5ef895e19268e5c,type4 0x2E +0x1E8 after 0x9D,YES,YES,PROVEN,no type-1 row
m0367i,4,0x02,m0367i_chunk2,0x12604,D_800B0E98[4*192+2*4],0x8006B84C,1240,20,087761ec6ff5de643f3ebc5c042213692dd78c12132cd67257506c14dd5cc699,dormant_until_route,YES,NO,PROVEN,no type-1 row
m0367i,4,0x03,m0367i_chunk2,0x12ADC,D_800B0E98[4*192+3*4],0x8006B84C,3640,70,cb550ebb90d4815bb929deca463d898fd62e80481ed89c174cdfb21c635bd1e5,dormant_until_route,YES,NO,PROVEN,no type-1 row
m0367i,4,0x04,m0367i_chunk2,0x13914,D_800B0E98[4*192+4*4],0x8006B84C,5856,90,54e3b3936c5af5e98655e1602f557eaf8c4d5135e2ebaa082072fc0784ab256a,dormant_until_route,YES,NO,PROVEN,no type-1 row
m0367i,4,0x05,m0367i_chunk2,0x14FF4,D_800B0E98[4*192+5*4],0x8006B84C,5416,90,0e0af23e5d8f21bc18cbe10614405534b8222e6bd0bdff173bde9182bb1c3e53,dormant_until_route,YES,NO,PROVEN,no type-1 row
m0367i,4,0x06,m0367i_chunk2,0x1651C,D_800B0E98[4*192+6*4],0x8006B84C,4460,80,761a22afdfe59f91f50d2c0d81a661999393e94a39c566b6723cb9bc9c20f532,dormant_until_route,YES,NO,PROVEN,no type-1 row
m0367i,4,0x07,m0367i_chunk2,0x17688,D_800B0E98[4*192+7*4],0x8006B84C,4888,90,685f3ea8a841b2d5251d23c160922ad6141ef49839ad60424ed5b2995799c470,type4 0x2E +0xF0 after 0x9D,YES,YES,PROVEN,no type-1 row
m0367i,4,0x08,m0367i_chunk2,0x189A0,D_800B0E98[4*192+8*4],0x8006B84C,2700,60,e926dfb4022b9f08685ab703165e5f21138a7309afe5d3646dcedd2a05acf8be,dormant_until_route,YES,NO,PROVEN,no type-1 row
m0367i,4,0x09,m0367i_chunk2,0x1942C,D_800B0E98[4*192+9*4],0x8006B84C,1236,24,e1e661bfd19d58dbf197158e94d54e14a75a2b5a0449dc96a2d571716cdec069,dormant_until_route,YES,NO,PROVEN,no type-1 row
m0367i,4,0x0A,m0367i_chunk2,0x19900,D_800B0E98[4*192+10*4],0x8006B84C,1392,30,6e474db24d70e4f8eb29aa6e012f841bde09c10526cca59cdc9f182d54885f7f,dormant_until_route,YES,NO,PROVEN,no type-1 row
m0367i,4,0x0B,m0367i_chunk2,0x19E70,D_800B0E98[4*192+11*4],0x8006B84C,2544,45,bcd71c020382a5fd4be3eb789ade06f3f980ceac04c32fcafcb34e50c4d2be93,dormant_until_route,YES,NO,PROVEN,no type-1 row
m0367i,4,0x0C,m0367i_chunk2,0x1A860,D_800B0E98[4*192+12*4],0x8006B84C,2740,40,61ac6fad146af8554bd9c8306ce58a1bf73ea37eb28af54ca42600d994b04d3c,dormant_until_route,YES,NO,PROVEN,no type-1 row
m0319i,0,0x18,m0319i_chunk2,0xC9B0,D_800B0E98[0*192+24*4],0x8006B84C,1272,30,03f7338305ade7941ff5115bbacc5dd83481dc3cdc4058f5ea043a65617fd24c,dormant_until_route,YES,NO,PROVEN,no type-1 row
m0319i,0,0x1D,m0319i_chunk2,0xCEA8,D_800B0E98[0*192+29*4],0x8006B84C,3116,80,1467f49d5ab35a8f14ecc6af8340d1925397d00dc88cc5c4d66ea881b5384fee,dormant_until_route,YES,NO,PROVEN,no type-1 row
m0319i,0,0x1E,m0319i_chunk2,0xDAD4,D_800B0E98[0*192+30*4],0x8006B84C,5700,105,4066419ad87d0349caac96ce84a5a9c3011599c3d3c122fff3724cb53dea1538,dormant_until_route,YES,NO,PROVEN,no type-1 row
m0319i,0,0x1F,m0319i_chunk2,0xF118,D_800B0E98[0*192+31*4],0x8006B84C,2636,40,88e72c3f45e08f8d16da59d95e08e54904e87f3d4c805ef6389399c34600e07b,dormant_until_route,YES,NO,PROVEN,no type-1 row
m0319i,0,0x20,m0319i_chunk2,0xFB64,D_800B0E98[0*192+32*4],0x8006B84C,5196,78,b4a9f67a8d7b1368620c686a26dcd7536927233de356fe9338b71146e7836bff,dormant_until_route,YES,NO,PROVEN,no type-1 row
m0319i,2,0x03,m0319i_chunk2,0x10FB0,D_800B0E98[2*192+3*4],0x8006B84C,8340,115,889739247a75aa5d4124e9cab00c47ef04087841703d86f429bea5f1e415b353,dormant_until_route,YES,NO,PROVEN,no type-1 row
