scene,ida,idb,source_package,source_offset,size,sha256,frames,enc,bones_minus_1,dest_slot,writer_pc,reachable_via,first_known_consumer,confidence,notes
m0005i,0,0x1E,m0005i_chunk2,0x10F40,10796,85170bf01e1bd9419fd9a1d5ab91837a975cb2c3320b02792cb926cc70111832,105,2,30,D_800B0E98[0*192+30*4],0x8006B84C,type0_0x2E,type0 0x2E +0x3B0,PROVEN,do not name clip from appearance
m0005i,0,0x1F,m0005i_chunk2,0x1396C,4716,77343a19f342efda44e564306c077ce8cf53667ae3264f460fcdf6b91c64287f,40,2,30,D_800B0E98[0*192+31*4],0x8006B84C,type0_0x2E,type0 0x2E +0x498,PROVEN,do not name clip from appearance
m0005i,0,0x20,m0005i_chunk2,0x14BD8,1344,51e84dd712d7a9869459edd14080efec19316365fd8e15b9e15480143175660f,22,1,30,D_800B0E98[0*192+32*4],0x8006B84C,type0_0x2E,type0 0x2E +0xC4C,PROVEN,do not name clip from appearance
m0005i,2,0x02,m0005i_chunk2,0x15118,3180,8314abb4cb5fe14ef3eee7f07d5964542f573cccc01ebc50ffb278cd600400b2,60,0,27,D_800B0E98[2*192+2*4],0x8006B84C,listed_type2_0x2E,listed_stream_0x2E,PROVEN,do not name clip from appearance
m0005i,2,0x06,m0005i_chunk2,0x16978,2352,95a5c9ea40702959b122f8ff46a9dfb274f1adb69a6b661822226c3b23028412,39,0,27,D_800B0E98[2*192+6*4],0x8006B84C,listed_type2_0x2E,listed type2 0x2E +0xE4,PROVEN,do not name clip from appearance
m0005i,2,0x13,m0005i_chunk2,0x18734,6300,9a621ed919f012f99d70ebfd5dc7e8844348d1ddd5ee262e6a947d00382a2063,108,1,27,D_800B0E98[2*192+19*4],0x8006B84C,listed_type2_0x2E,listed_stream_0x2E,PROVEN,do not name clip from appearance
m0005i,2,0x14,m0005i_chunk2,0x19FD0,3720,40e8b1c793d4dd69adcfff3fb83968c1ea83307dbb60f92070da441fab1df572,60,1,27,D_800B0E98[2*192+20*4],0x8006B84C,listed_type2_0x2E,listed_stream_0x2E,PROVEN,do not name clip from appearance
m0005i,2,0x15,m0005i_chunk2,0x1AE58,9564,4be88f266de1bfbae5256db7dfaf153c1844f0ba5316997e4cedf6e2ff92c237,156,1,27,D_800B0E98[2*192+21*4],0x8006B84C,listed_type2_0x2E,listed_stream_0x2E,PROVEN,do not name clip from appearance
m0005i,2,0x16,m0005i_chunk2,0x1D3B4,8180,156bf04dbc4e4e0cbbe7bf10d808a1e6b0e4ce700d3133771bba9814cfb129cd,126,1,27,D_800B0E98[2*192+22*4],0x8006B84C,listed_type2_0x2E,listed_stream_0x2E,PROVEN,do not name clip from appearance
m0005i,2,0x17,m0005i_chunk2,0x1F3A8,3540,620acc5e9bc9b3524ca0c7018549583a418e2e70e5f42c1520da8b78217f6928,51,1,27,D_800B0E98[2*192+23*4],0x8006B84C,listed_type2_0x2E,listed_stream_0x2E,PROVEN,do not name clip from appearance
m0005i,5,0x00,m0005i_chunk2,0x2017C,60,2246b5cf1e77b334341c4b356b0d0955ef863810c8000c69eaefb4512f4ba761,1,1,2,D_800B0E98[5*192+0*4],0x8006B84C,type1_0x08_type5_0x2E,type5 0x2E +0xB8 after type1 0x08,PROVEN,do not name clip from appearance
m0005i,5,0x02,m0005i_chunk2,0x20210,60,b4fde2e5ad1067fabdca7bd9c1856c5e6608998f72b43f2ce561051b3ab1bb25,1,1,2,D_800B0E98[5*192+2*4],0x8006B84C,type1_0x08_type5_0x2E,type5 0x2E +0x80 after type1 0x08,PROVEN,do not name clip from appearance
m0367i,0,0x18,m0367i_chunk2,0xB2D4,1272,03f7338305ade7941ff5115bbacc5dd83481dc3cdc4058f5ea043a65617fd24c,30,1,30,D_800B0E98[0*192+24*4],0x8006B84C,listed_type0,listed type0; no 0x2E of 0x18 in prefix,PROVEN,do not name clip from appearance
m0367i,2,0x00,m0367i_chunk2,0xB7CC,300,74ba5c54239129747dc470ce310de99121930f9e2cc1195855c16dbc7d7a426b,1,1,22,D_800B0E98[2*192+0*4],0x8006B84C,type1_0x08,type1_0x08 spawn; no 0x2E in walked prefix,PROVEN,do not name clip from appearance
m0367i,2,0x01,m0367i_chunk2,0xB8F8,1376,fa5111e33f7ddfe38f9f3824db340e32b19690decf7de2f0969aa7e0d63598c6,30,1,22,D_800B0E98[2*192+1*4],0x8006B84C,type1_0x08,type1_0x08 spawn; no 0x2E in walked prefix,PROVEN,do not name clip from appearance
m0367i,2,0x02,m0367i_chunk2,0xBE58,1000,ffe09d10cf07add61050b2c98bbd5a20e9b68b4334d0142c392514fb54a90a3e,18,1,22,D_800B0E98[2*192+2*4],0x8006B84C,type1_0x08,type1_0x08 spawn; no 0x2E in walked prefix,PROVEN,do not name clip from appearance
m0367i,2,0x03,m0367i_chunk2,0xC240,2348,205b686f52ea01caf335da54438dd1acb61022c67b6d916a0abbf20b6a20aada,70,1,22,D_800B0E98[2*192+3*4],0x8006B84C,type1_0x08,type1_0x08 spawn; no 0x2E in walked prefix,PROVEN,do not name clip from appearance
m0367i,2,0x04,m0367i_chunk2,0xCB6C,3032,42dfa883c6ca0b6b175a06476231c47d0934acf9238cd99549f8844e9f79415b,70,1,22,D_800B0E98[2*192+4*4],0x8006B84C,type1_0x08,type1_0x08 spawn; no 0x2E in walked prefix,PROVEN,do not name clip from appearance
m0367i,2,0x05,m0367i_chunk2,0xD744,3740,77b35e6ee2b83dc2b2bdab4e4158f90de550096b2bced74d4aab8d32e86b9159,80,1,22,D_800B0E98[2*192+5*4],0x8006B84C,type1_0x08,type1_0x08 spawn; no 0x2E in walked prefix,PROVEN,do not name clip from appearance
m0367i,2,0x06,m0367i_chunk2,0xE5E0,3900,e193ce524f60193c6713a0b16aef0a1b3b092abdb3507afb82d396933b760326,80,1,22,D_800B0E98[2*192+6*4],0x8006B84C,type1_0x08,type1_0x08 spawn; no 0x2E in walked prefix,PROVEN,do not name clip from appearance
m0367i,2,0x07,m0367i_chunk2,0xF51C,3260,feffd5a761770b2195d4b94c310cfa542bd6b4b399c6e4bbda9654c24c48aa13,80,1,22,D_800B0E98[2*192+7*4],0x8006B84C,type1_0x08,type1_0x08 spawn; no 0x2E in walked prefix,PROVEN,do not name clip from appearance
m0367i,2,0x08,m0367i_chunk2,0x101D8,3236,e7de4e7053ed0b8f7c7e8a1ee47787fb3e66e959cfa5fb0e3c842691711ed44d,70,1,22,D_800B0E98[2*192+8*4],0x8006B84C,type1_0x08,type1_0x08 spawn; no 0x2E in walked prefix,PROVEN,do not name clip from appearance
m0367i,2,0x09,m0367i_chunk2,0x10E7C,300,6bd22d6ce60cab2b0d70ec11433cd51d321394b9f9d1533da14ec8b02e970eb3,1,1,22,D_800B0E98[2*192+9*4],0x8006B84C,type1_0x08,type2 0x2E +0x94 after 0xC1,PROVEN,do not name clip from appearance
m0367i,2,0x0A,m0367i_chunk2,0x10FA8,3712,ccb4bde8d552e177d0c29fc6e64e3c3dee6dda0b4c096779df39e89f54d86630,70,1,22,D_800B0E98[2*192+10*4],0x8006B84C,type1_0x08,type1_0x08 spawn; no 0x2E in walked prefix,PROVEN,do not name clip from appearance
m0367i,3,0x00,m0367i_chunk2,0xB7CC,300,74ba5c54239129747dc470ce310de99121930f9e2cc1195855c16dbc7d7a426b,1,1,22,D_800B0E98[3*192+0*4],0x8006B84C,type1_0x08,type1_0x08 spawn; no 0x2E in walked prefix,PROVEN,do not name clip from appearance
m0367i,3,0x01,m0367i_chunk2,0xB8F8,1376,fa5111e33f7ddfe38f9f3824db340e32b19690decf7de2f0969aa7e0d63598c6,30,1,22,D_800B0E98[3*192+1*4],0x8006B84C,type1_0x08,type1_0x08 spawn; no 0x2E in walked prefix,PROVEN,do not name clip from appearance
m0367i,3,0x02,m0367i_chunk2,0xBE58,1000,ffe09d10cf07add61050b2c98bbd5a20e9b68b4334d0142c392514fb54a90a3e,18,1,22,D_800B0E98[3*192+2*4],0x8006B84C,type1_0x08,type1_0x08 spawn; no 0x2E in walked prefix,PROVEN,do not name clip from appearance
m0367i,3,0x03,m0367i_chunk2,0xC240,2348,205b686f52ea01caf335da54438dd1acb61022c67b6d916a0abbf20b6a20aada,70,1,22,D_800B0E98[3*192+3*4],0x8006B84C,type1_0x08,type1_0x08 spawn; no 0x2E in walked prefix,PROVEN,do not name clip from appearance
m0367i,3,0x04,m0367i_chunk2,0xCB6C,3032,42dfa883c6ca0b6b175a06476231c47d0934acf9238cd99549f8844e9f79415b,70,1,22,D_800B0E98[3*192+4*4],0x8006B84C,type1_0x08,type1_0x08 spawn; no 0x2E in walked prefix,PROVEN,do not name clip from appearance
m0367i,3,0x05,m0367i_chunk2,0xD744,3740,77b35e6ee2b83dc2b2bdab4e4158f90de550096b2bced74d4aab8d32e86b9159,80,1,22,D_800B0E98[3*192+5*4],0x8006B84C,type1_0x08,type1_0x08 spawn; no 0x2E in walked prefix,PROVEN,do not name clip from appearance
m0367i,3,0x06,m0367i_chunk2,0xE5E0,3900,e193ce524f60193c6713a0b16aef0a1b3b092abdb3507afb82d396933b760326,80,1,22,D_800B0E98[3*192+6*4],0x8006B84C,type1_0x08,type1_0x08 spawn; no 0x2E in walked prefix,PROVEN,do not name clip from appearance
m0367i,3,0x07,m0367i_chunk2,0xF51C,3260,feffd5a761770b2195d4b94c310cfa542bd6b4b399c6e4bbda9654c24c48aa13,80,1,22,D_800B0E98[3*192+7*4],0x8006B84C,type1_0x08,type1_0x08 spawn; no 0x2E in walked prefix,PROVEN,do not name clip from appearance
m0367i,3,0x08,m0367i_chunk2,0x101D8,3236,e7de4e7053ed0b8f7c7e8a1ee47787fb3e66e959cfa5fb0e3c842691711ed44d,70,1,22,D_800B0E98[3*192+8*4],0x8006B84C,type1_0x08,type1_0x08 spawn; no 0x2E in walked prefix,PROVEN,do not name clip from appearance
m0367i,3,0x09,m0367i_chunk2,0x10E7C,300,6bd22d6ce60cab2b0d70ec11433cd51d321394b9f9d1533da14ec8b02e970eb3,1,1,22,D_800B0E98[3*192+9*4],0x8006B84C,type1_0x08,type3 0x2E +0x84 after 0xC1,PROVEN,do not name clip from appearance
m0367i,3,0x0A,m0367i_chunk2,0x10FA8,3712,ccb4bde8d552e177d0c29fc6e64e3c3dee6dda0b4c096779df39e89f54d86630,70,1,22,D_800B0E98[3*192+10*4],0x8006B84C,type1_0x08,type1_0x08 spawn; no 0x2E in walked prefix,PROVEN,do not name clip from appearance
m0367i,4,0x00,m0367i_chunk2,0x11E28,300,af1520227b986fb6b1e5958cbf6d5ba47d6abe83f49f52043b9b7fe2fedc0c5f,1,1,22,D_800B0E98[4*192+0*4],0x8006B84C,type1_0x08,type1_0x08 spawn; no 0x2E in walked prefix,PROVEN,do not name clip from appearance
m0367i,4,0x01,m0367i_chunk2,0x11F54,1712,b4331c8a7880b8ac5752515f68935cf5199cd8703ee2482ea5ef895e19268e5c,42,1,22,D_800B0E98[4*192+1*4],0x8006B84C,type1_0x08,type4 0x2E +0x1E8 after 0x9D,PROVEN,do not name clip from appearance
m0367i,4,0x02,m0367i_chunk2,0x12604,1240,087761ec6ff5de643f3ebc5c042213692dd78c12132cd67257506c14dd5cc699,20,1,22,D_800B0E98[4*192+2*4],0x8006B84C,type1_0x08,type1_0x08 spawn; no 0x2E in walked prefix,PROVEN,do not name clip from appearance
m0367i,4,0x03,m0367i_chunk2,0x12ADC,3640,cb550ebb90d4815bb929deca463d898fd62e80481ed89c174cdfb21c635bd1e5,70,1,22,D_800B0E98[4*192+3*4],0x8006B84C,type1_0x08,type1_0x08 spawn; no 0x2E in walked prefix,PROVEN,do not name clip from appearance
m0367i,4,0x04,m0367i_chunk2,0x13914,5856,54e3b3936c5af5e98655e1602f557eaf8c4d5135e2ebaa082072fc0784ab256a,90,1,22,D_800B0E98[4*192+4*4],0x8006B84C,type1_0x08,type1_0x08 spawn; no 0x2E in walked prefix,PROVEN,do not name clip from appearance
m0367i,4,0x05,m0367i_chunk2,0x14FF4,5416,0e0af23e5d8f21bc18cbe10614405534b8222e6bd0bdff173bde9182bb1c3e53,90,1,22,D_800B0E98[4*192+5*4],0x8006B84C,type1_0x08,type1_0x08 spawn; no 0x2E in walked prefix,PROVEN,do not name clip from appearance
m0367i,4,0x06,m0367i_chunk2,0x1651C,4460,761a22afdfe59f91f50d2c0d81a661999393e94a39c566b6723cb9bc9c20f532,80,1,22,D_800B0E98[4*192+6*4],0x8006B84C,type1_0x08,type1_0x08 spawn; no 0x2E in walked prefix,PROVEN,do not name clip from appearance
m0367i,4,0x07,m0367i_chunk2,0x17688,4888,685f3ea8a841b2d5251d23c160922ad6141ef49839ad60424ed5b2995799c470,90,1,22,D_800B0E98[4*192+7*4],0x8006B84C,type1_0x08,type4 0x2E +0xF0 after 0x9D,PROVEN,do not name clip from appearance
m0367i,4,0x08,m0367i_chunk2,0x189A0,2700,e926dfb4022b9f08685ab703165e5f21138a7309afe5d3646dcedd2a05acf8be,60,1,22,D_800B0E98[4*192+8*4],0x8006B84C,type1_0x08,type1_0x08 spawn; no 0x2E in walked prefix,PROVEN,do not name clip from appearance
m0367i,4,0x09,m0367i_chunk2,0x1942C,1236,e1e661bfd19d58dbf197158e94d54e14a75a2b5a0449dc96a2d571716cdec069,24,1,22,D_800B0E98[4*192+9*4],0x8006B84C,type1_0x08,type1_0x08 spawn; no 0x2E in walked prefix,PROVEN,do not name clip from appearance
m0367i,4,0x0A,m0367i_chunk2,0x19900,1392,6e474db24d70e4f8eb29aa6e012f841bde09c10526cca59cdc9f182d54885f7f,30,1,22,D_800B0E98[4*192+10*4],0x8006B84C,type1_0x08,type1_0x08 spawn; no 0x2E in walked prefix,PROVEN,do not name clip from appearance
m0367i,4,0x0B,m0367i_chunk2,0x19E70,2544,bcd71c020382a5fd4be3eb789ade06f3f980ceac04c32fcafcb34e50c4d2be93,45,1,22,D_800B0E98[4*192+11*4],0x8006B84C,type1_0x08,type1_0x08 spawn; no 0x2E in walked prefix,PROVEN,do not name clip from appearance
m0367i,4,0x0C,m0367i_chunk2,0x1A860,2740,61ac6fad146af8554bd9c8306ce58a1bf73ea37eb28af54ca42600d994b04d3c,40,1,22,D_800B0E98[4*192+12*4],0x8006B84C,type1_0x08,type1_0x08 spawn; no 0x2E in walked prefix,PROVEN,do not name clip from appearance
m0319i,0,0x18,m0319i_chunk2,0xC9B0,1272,03f7338305ade7941ff5115bbacc5dd83481dc3cdc4058f5ea043a65617fd24c,30,1,30,D_800B0E98[0*192+24*4],0x8006B84C,m0367i_type1_0x31_persist,M0319I Writer A; persist-gated dest,PROVEN,do not name clip from appearance
m0319i,0,0x1D,m0319i_chunk2,0xCEA8,3116,1467f49d5ab35a8f14ecc6af8340d1925397d00dc88cc5c4d66ea881b5384fee,80,1,30,D_800B0E98[0*192+29*4],0x8006B84C,m0367i_type1_0x31_persist,M0319I Writer A; persist-gated dest,PROVEN,do not name clip from appearance
m0319i,0,0x1E,m0319i_chunk2,0xDAD4,5700,4066419ad87d0349caac96ce84a5a9c3011599c3d3c122fff3724cb53dea1538,105,1,30,D_800B0E98[0*192+30*4],0x8006B84C,m0367i_type1_0x31_persist,M0319I Writer A; persist-gated dest,PROVEN,do not name clip from appearance
m0319i,0,0x1F,m0319i_chunk2,0xF118,2636,88e72c3f45e08f8d16da59d95e08e54904e87f3d4c805ef6389399c34600e07b,40,1,30,D_800B0E98[0*192+31*4],0x8006B84C,m0367i_type1_0x31_persist,M0319I Writer A; persist-gated dest,PROVEN,do not name clip from appearance
m0319i,0,0x20,m0319i_chunk2,0xFB64,5196,b4a9f67a8d7b1368620c686a26dcd7536927233de356fe9338b71146e7836bff,78,1,30,D_800B0E98[0*192+32*4],0x8006B84C,m0367i_type1_0x31_persist,M0319I Writer A; persist-gated dest,PROVEN,do not name clip from appearance
m0319i,2,0x03,m0319i_chunk2,0x10FB0,8340,889739247a75aa5d4124e9cab00c47ef04087841703d86f429bea5f1e415b353,115,2,27,D_800B0E98[2*192+3*4],0x8006B84C,m0367i_type1_0x31_persist,M0319I Writer A; persist-gated dest,PROVEN,do not name clip from appearance
