tick,cycles,kind,pc,ra,fn,mode,d4d4,scratch0,dest,d278,hp,d2e8,gp90,a0,a1,a2,a3,sp,s0,s1,note
5,0x0e7a18f9,ENTRY,0x80072534,0xbfc03d50,unknown,0x00000000,0x00,0x00000000,0x00000000,0x00000000,-1,0x00000000,0x00000000,0x00000001,0x00000000,0x00000000,0x0000002a,0x801fff00,0xa000b870,0x00000000,exe_pc0
89,0xc1e08eda,OP2A,0x80017a50,0x80017248,unknown,0x00000000,0x00,0x00000000,0xa8001148,0x00000000,-1,0x00000000,0x801a66c0,0x801ffed0,0x00000002,0x00000002,0x801a66b8,0x801ffec0,0x801ffed0,0x80010690,scratch_bit_op
93,0xeee3744b,OP2A,0x80017a50,0x80017248,unknown,0x00000000,0x00,0x00000000,0xa8001248,0x00000000,-1,0x00000000,0x801a4748,0x801ffed0,0x00000002,0x00000002,0x801a4740,0x801ffec0,0x801ffed0,0x80010690,scratch_bit_op
95,0xeee391ca,OP2A,0x80017a50,0x80017248,unknown,0x00000000,0x00,0x00000100,0xa8001248,0x00000000,-1,0x00000000,0x801a4a70,0x801ffed0,0x00000002,0x00000002,0x801a4a68,0x801ffec0,0x801ffed0,0x80010690,scratch_bit_op
97,0xeee3924d,OP55,0x800144fc,0x80017248,unknown,0x00000000,0x00,0x00000108,0xa8001248,0x00000000,-1,0x00000000,0x801a4a7c,0x801ffed0,0x00000001,0x00000001,0x801a4a78,0x801ffec0,0x801ffed0,0x80010690,battle_0x55
98,0xeef4946d,OP55,0x800144fc,0x80017248,unknown,0x00000000,0x00,0x00000108,0xa8001248,0x00000000,-1,0x00000000,0x801a4a7c,0x801ffed0,0x00000001,0x00000001,0x801a4a78,0x801ffec0,0x801ffed0,0x80010690,battle_0x55
99,0xef05cdce,OP55,0x800144fc,0x80017248,unknown,0x00000000,0x00,0x00000108,0xa8001248,0x00000000,-1,0x00000001,0x801a4a7c,0x801ffed0,0x00000001,0x00000001,0x801a4a78,0x801ffec0,0x801ffed0,0x80010690,battle_0x55
100,0xef1704a7,OP55,0x800144fc,0x80017248,unknown,0x00000000,0x00,0x00000108,0xa8001248,0x00000000,-1,0x00000001,0x801a4a7c,0x801ffed0,0x00000001,0x00000001,0x801a4a78,0x801ffec0,0x801ffed0,0x80010690,battle_0x55
101,0xef283dfb,OP55,0x800144fc,0x80017248,unknown,0x00000000,0x00,0x00000108,0xa8001248,0x00000000,-1,0x00000001,0x801a4a7c,0x801ffed0,0x00000001,0x00000001,0x801a4a78,0x801ffec0,0x801ffed0,0x80010690,battle_0x55
102,0xef39774d,OP55,0x800144fc,0x80017248,unknown,0x00000000,0x00,0x00000108,0xa8001248,0x00000000,-1,0x00000001,0x801a4a7c,0x801ffed0,0x00000001,0x00000001,0x801a4a78,0x801ffec0,0x801ffed0,0x80010690,battle_0x55
103,0xef4ab0e5,OP55,0x800144fc,0x80017248,unknown,0x00000000,0x00,0x00000108,0xa8001248,0x00000000,-1,0x00000001,0x801a4a7c,0x801ffed0,0x00000001,0x00000001,0x801a4a78,0x801ffec0,0x801ffed0,0x80010690,battle_0x55
104,0xef5bea38,OP55,0x800144fc,0x80017248,unknown,0x00000000,0x00,0x00000108,0xa8001248,0x00000000,-1,0x00000001,0x801a4a7c,0x801ffed0,0x00000001,0x00000001,0x801a4a78,0x801ffec0,0x801ffed0,0x80010690,battle_0x55
105,0xef6d2362,OP55,0x800144fc,0x80017248,unknown,0x00000000,0x00,0x00000108,0xa8001248,0x00000000,-1,0x00000001,0x801a4a7c,0x801ffed0,0x00000001,0x00000001,0x801a4a78,0x801ffec0,0x801ffed0,0x80010690,battle_0x55
106,0xef7e5cfe,OP55,0x800144fc,0x80017248,unknown,0x00000000,0x00,0x00000108,0xa8001248,0x00000000,-1,0x00000001,0x801a4a7c,0x801ffed0,0x00000001,0x00000001,0x801a4a78,0x801ffec0,0x801ffed0,0x80010690,battle_0x55
107,0xef8f9632,OP55,0x800144fc,0x80017248,unknown,0x00000000,0x00,0x00000108,0xa8001248,0x00000000,-1,0x00000001,0x801a4a7c,0x801ffed0,0x00000001,0x00000001,0x801a4a78,0x801ffec0,0x801ffed0,0x80010690,battle_0x55
108,0xefa0cf7d,OP55,0x800144fc,0x80017248,unknown,0x00000000,0x00,0x00000108,0xa8001248,0x00000000,-1,0x00000001,0x801a4a7c,0x801ffed0,0x00000001,0x00000001,0x801a4a78,0x801ffec0,0x801ffed0,0x80010690,battle_0x55
109,0xefb208ec,OP55,0x800144fc,0x80017248,unknown,0x00000000,0x00,0x00000108,0xa8001248,0x00000000,-1,0x00000001,0x801a4a7c,0x801ffed0,0x00000001,0x00000001,0x801a4a78,0x801ffec0,0x801ffed0,0x80010690,battle_0x55
110,0xefc3424c,OP55,0x800144fc,0x80017248,unknown,0x00000000,0x00,0x00000108,0xa8001248,0x00000000,-1,0x00000001,0x801a4a7c,0x801ffed0,0x00000001,0x00000001,0x801a4a78,0x801ffec0,0x801ffed0,0x80010690,battle_0x55
111,0xefd47b87,OP55,0x800144fc,0x80017248,unknown,0x00000000,0x00,0x00000108,0xa8001248,0x00000000,-1,0x00000001,0x801a4a7c,0x801ffed0,0x00000001,0x00000001,0x801a4a78,0x801ffec0,0x801ffed0,0x80010690,battle_0x55
112,0xefe5b4ef,OP55,0x800144fc,0x80017248,unknown,0x00000000,0x00,0x00000108,0xa8001248,0x00000000,-1,0x00000001,0x801a4a7c,0x801ffed0,0x00000001,0x00000001,0x801a4a78,0x801ffec0,0x801ffed0,0x80010690,battle_0x55
113,0xeff6ee73,OP55,0x800144fc,0x80017248,unknown,0x00000000,0x00,0x00000108,0xa8001248,0x00000000,-1,0x00000001,0x801a4a7c,0x801ffed0,0x00000001,0x00000001,0x801a4a78,0x801ffec0,0x801ffed0,0x80010690,battle_0x55
114,0xf00827ce,OP55,0x800144fc,0x80017248,unknown,0x00000000,0x00,0x00000108,0xa8001248,0x00000000,-1,0x00000001,0x801a4a7c,0x801ffed0,0x00000001,0x00000001,0x801a4a78,0x801ffec0,0x801ffed0,0x80010690,battle_0x55
115,0xf0196105,OP55,0x800144fc,0x80017248,unknown,0x00000000,0x00,0x00000108,0xa8001248,0x00000000,-1,0x00000001,0x801a4a7c,0x801ffed0,0x00000001,0x00000001,0x801a4a78,0x801ffec0,0x801ffed0,0x80010690,battle_0x55
116,0xf02a9a8a,OP55,0x800144fc,0x80017248,unknown,0x00000000,0x00,0x00000108,0xa8001248,0x00000000,-1,0x00000001,0x801a4a7c,0x801ffed0,0x00000001,0x00000001,0x801a4a78,0x801ffec0,0x801ffed0,0x80010690,battle_0x55
117,0xf03bd3c2,OP55,0x800144fc,0x80017248,unknown,0x00000000,0x00,0x00000108,0xa8001248,0x00000000,-1,0x00000001,0x801a4a7c,0x801ffed0,0x00000001,0x00000001,0x801a4a78,0x801ffec0,0x801ffed0,0x80010690,battle_0x55
118,0xf04d1f93,OP55,0x800144fc,0x80017248,unknown,0x00000000,0x00,0x00000108,0xa8001248,0x00000000,-1,0x00000001,0x801a4a7c,0x801ffed0,0x00000001,0x00000001,0x801a4a78,0x801ffec0,0x801ffed0,0x80010690,battle_0x55
119,0xf05e4688,OP55,0x800144fc,0x80017248,unknown,0x00000000,0x00,0x00000108,0xa8001248,0x00000000,-1,0x00000001,0x801a4a7c,0x801ffed0,0x00000001,0x00000001,0x801a4a78,0x801ffec0,0x801ffed0,0x80010690,battle_0x55
120,0xf06f7fd3,OP55,0x800144fc,0x80017248,unknown,0x00000000,0x00,0x00000108,0xa8001248,0x00000000,-1,0x00000001,0x801a4a7c,0x801ffed0,0x00000001,0x00000001,0x801a4a78,0x801ffec0,0x801ffed0,0x80010690,battle_0x55
121,0xf080b92b,OP55,0x800144fc,0x80017248,unknown,0x00000000,0x00,0x00000108,0xa8001248,0x00000000,-1,0x00000001,0x801a4a7c,0x801ffed0,0x00000001,0x00000001,0x801a4a78,0x801ffec0,0x801ffed0,0x80010690,battle_0x55
122,0xf091f297,OP55,0x800144fc,0x80017248,unknown,0x00000000,0x00,0x00000108,0xa8001248,0x00000000,-1,0x00000001,0x801a4a7c,0x801ffed0,0x00000001,0x00000001,0x801a4a78,0x801ffec0,0x801ffed0,0x80010690,battle_0x55
123,0xf0a32c0c,OP55,0x800144fc,0x80017248,unknown,0x00000000,0x00,0x00000108,0xa8001248,0x00000000,-1,0x00000001,0x801a4a7c,0x801ffed0,0x00000001,0x00000001,0x801a4a78,0x801ffec0,0x801ffed0,0x80010690,battle_0x55
124,0xf0b46532,OP55,0x800144fc,0x80017248,unknown,0x00000000,0x00,0x00000108,0xa8001248,0x00000000,-1,0x00000001,0x801a4a7c,0x801ffed0,0x00000001,0x00000001,0x801a4a78,0x801ffec0,0x801ffed0,0x80010690,battle_0x55
125,0xf0c59ec5,OP55,0x800144fc,0x80017248,unknown,0x00000000,0x00,0x00000108,0xa8001248,0x00000000,-1,0x00000001,0x801a4a7c,0x801ffed0,0x00000001,0x00000001,0x801a4a78,0x801ffec0,0x801ffed0,0x80010690,battle_0x55
126,0xf0d6d827,OP55,0x800144fc,0x80017248,unknown,0x00000000,0x00,0x00000108,0xa8001248,0x00000000,-1,0x00000001,0x801a4a7c,0x801ffed0,0x00000001,0x00000001,0x801a4a78,0x801ffec0,0x801ffed0,0x80010690,battle_0x55
127,0xf0e8116d,OP55,0x800144fc,0x80017248,unknown,0x00000000,0x00,0x00000108,0xa8001248,0x00000000,-1,0x00000001,0x801a4a7c,0x801ffed0,0x00000001,0x00000001,0x801a4a78,0x801ffec0,0x801ffed0,0x80010690,battle_0x55
128,0xf0f95cfc,OP55,0x800144fc,0x80017248,unknown,0x00000000,0x00,0x00000108,0xa8001248,0x00000000,-1,0x00000001,0x801a4a7c,0x801ffed0,0x00000001,0x00000001,0x801a4a78,0x801ffec0,0x801ffed0,0x80010690,battle_0x55
129,0xf10a83d6,OP55,0x800144fc,0x80017248,unknown,0x00000000,0x00,0x00000108,0xa8001248,0x00000000,-1,0x00000001,0x801a4a7c,0x801ffed0,0x00000001,0x00000001,0x801a4a78,0x801ffec0,0x801ffed0,0x80010690,battle_0x55
130,0xf11bbd10,OP55,0x800144fc,0x80017248,unknown,0x00000000,0x00,0x00000108,0xa8001248,0x00000000,-1,0x00000001,0x801a4a7c,0x801ffed0,0x00000001,0x00000001,0x801a4a78,0x801ffec0,0x801ffed0,0x80010690,battle_0x55
131,0xf12cf66b,OP55,0x800144fc,0x80017248,unknown,0x00000000,0x00,0x00000108,0xa8001248,0x00000000,-1,0x00000001,0x801a4a7c,0x801ffed0,0x00000001,0x00000001,0x801a4a78,0x801ffec0,0x801ffed0,0x80010690,battle_0x55
132,0xf13e3011,OP55,0x800144fc,0x80017248,unknown,0x00000000,0x00,0x00000108,0xa8001248,0x00000000,-1,0x00000001,0x801a4a7c,0x801ffed0,0x00000001,0x00000001,0x801a4a78,0x801ffec0,0x801ffed0,0x80010690,battle_0x55
133,0xf14f6934,OP55,0x800144fc,0x80017248,unknown,0x00000000,0x00,0x00000108,0xa8001248,0x00000000,-1,0x00000001,0x801a4a7c,0x801ffed0,0x00000001,0x00000001,0x801a4a78,0x801ffec0,0x801ffed0,0x80010690,battle_0x55
134,0xf160a2c0,OP55,0x800144fc,0x80017248,unknown,0x00000000,0x00,0x00000108,0xa8001248,0x00000000,-1,0x00000001,0x801a4a7c,0x801ffed0,0x00000001,0x00000001,0x801a4a78,0x801ffec0,0x801ffed0,0x80010690,battle_0x55
135,0xf171dc2d,OP55,0x800144fc,0x80017248,unknown,0x00000000,0x00,0x00000108,0xa8001248,0x00000000,-1,0x00000001,0x801a4a7c,0x801ffed0,0x00000001,0x00000001,0x801a4a78,0x801ffec0,0x801ffed0,0x80010690,battle_0x55
136,0xf183154c,OP55,0x800144fc,0x80017248,unknown,0x00000000,0x00,0x00000108,0xa8001248,0x00000000,-1,0x00000001,0x801a4a7c,0x801ffed0,0x00000001,0x00000001,0x801a4a78,0x801ffec0,0x801ffed0,0x80010690,battle_0x55
137,0xf1944edb,OP55,0x800144fc,0x80017248,unknown,0x00000000,0x00,0x00000108,0xa8001248,0x00000000,-1,0x00000001,0x801a4a7c,0x801ffed0,0x00000001,0x00000001,0x801a4a78,0x801ffec0,0x801ffed0,0x80010690,battle_0x55
138,0xf1a58825,OP55,0x800144fc,0x80017248,unknown,0x00000000,0x00,0x00000108,0xa8001248,0x00000000,-1,0x00000001,0x801a4a7c,0x801ffed0,0x00000001,0x00000001,0x801a4a78,0x801ffec0,0x801ffed0,0x80010690,battle_0x55
139,0xf1b6c164,OP55,0x800144fc,0x80017248,unknown,0x00000000,0x00,0x00000108,0xa8001248,0x00000000,-1,0x00000001,0x801a4a7c,0x801ffed0,0x00000001,0x00000001,0x801a4a78,0x801ffec0,0x801ffed0,0x80010690,battle_0x55
140,0xf1c7faee,OP55,0x800144fc,0x80017248,unknown,0x00000000,0x00,0x00000108,0xa8001248,0x00000000,-1,0x00000001,0x801a4a7c,0x801ffed0,0x00000001,0x00000001,0x801a4a78,0x801ffec0,0x801ffed0,0x80010690,battle_0x55
141,0xf1d9341d,OP55,0x800144fc,0x80017248,unknown,0x00000000,0x00,0x00000108,0xa8001248,0x00000000,-1,0x00000001,0x801a4a7c,0x801ffed0,0x00000001,0x00000001,0x801a4a78,0x801ffec0,0x801ffed0,0x80010690,battle_0x55
142,0xf1ea6d7d,OP55,0x800144fc,0x80017248,unknown,0x00000000,0x00,0x00000108,0xa8001248,0x00000000,-1,0x00000001,0x801a4a7c,0x801ffed0,0x00000001,0x00000001,0x801a4a78,0x801ffec0,0x801ffed0,0x80010690,battle_0x55
143,0xf1fba703,OP55,0x800144fc,0x80017248,unknown,0x00000000,0x00,0x00000108,0xa8001248,0x00000000,-1,0x00000001,0x801a4a7c,0x801ffed0,0x00000001,0x00000001,0x801a4a78,0x801ffec0,0x801ffed0,0x80010690,battle_0x55
144,0xf20ce075,OP55,0x800144fc,0x80017248,unknown,0x00000000,0x00,0x00000108,0xa8001248,0x00000000,-1,0x00000001,0x801a4a7c,0x801ffed0,0x00000001,0x00000001,0x801a4a78,0x801ffec0,0x801ffed0,0x80010690,battle_0x55
145,0xf21e198c,OP55,0x800144fc,0x80017248,unknown,0x00000000,0x00,0x00000108,0xa8001248,0x00000000,-1,0x00000001,0x801a4a7c,0x801ffed0,0x00000001,0x00000001,0x801a4a78,0x801ffec0,0x801ffed0,0x80010690,battle_0x55
146,0xf22f531a,OP55,0x800144fc,0x80017248,unknown,0x00000000,0x00,0x00000108,0xa8001248,0x00000000,-1,0x00000001,0x801a4a7c,0x801ffed0,0x00000001,0x00000001,0x801a4a78,0x801ffec0,0x801ffed0,0x80010690,battle_0x55
147,0xf2408c51,OP55,0x800144fc,0x80017248,unknown,0x00000000,0x00,0x00000108,0xa8001248,0x00000000,-1,0x00000001,0x801a4a7c,0x801ffed0,0x00000001,0x00000001,0x801a4a78,0x801ffec0,0x801ffed0,0x80010690,battle_0x55
148,0xf251c5c3,OP55,0x800144fc,0x80017248,unknown,0x00000000,0x00,0x00000108,0xa8001248,0x00000000,-1,0x00000001,0x801a4a7c,0x801ffed0,0x00000001,0x00000001,0x801a4a78,0x801ffec0,0x801ffed0,0x80010690,battle_0x55
149,0xf262feea,OP55,0x800144fc,0x80017248,unknown,0x00000000,0x00,0x00000108,0xa8001248,0x00000000,-1,0x00000001,0x801a4a7c,0x801ffed0,0x00000001,0x00000001,0x801a4a78,0x801ffec0,0x801ffed0,0x80010690,battle_0x55
150,0xf2743850,OP55,0x800144fc,0x80017248,unknown,0x00000000,0x00,0x00000108,0xa8001248,0x00000000,-1,0x00000001,0x801a4a7c,0x801ffed0,0x00000001,0x00000001,0x801a4a78,0x801ffec0,0x801ffed0,0x80010690,battle_0x55
151,0xf28571b5,OP55,0x800144fc,0x80017248,unknown,0x00000000,0x00,0x00000108,0xa8001248,0x00000000,-1,0x00000001,0x801a4a7c,0x801ffed0,0x00000001,0x00000001,0x801a4a78,0x801ffec0,0x801ffed0,0x80010690,battle_0x55
152,0xf296ab2b,OP55,0x800144fc,0x80017248,unknown,0x00000000,0x00,0x00000108,0xa8001248,0x00000000,-1,0x00000001,0x801a4a7c,0x801ffed0,0x00000001,0x00000001,0x801a4a78,0x801ffec0,0x801ffed0,0x80010690,battle_0x55
153,0xf2a7e463,OP55,0x800144fc,0x80017248,unknown,0x00000000,0x00,0x00000108,0xa8001248,0x00000000,-1,0x00000001,0x801a4a7c,0x801ffed0,0x00000001,0x00000001,0x801a4a78,0x801ffec0,0x801ffed0,0x80010690,battle_0x55
154,0xf2b91db9,OP55,0x800144fc,0x80017248,unknown,0x00000000,0x00,0x00000108,0xa8001248,0x00000000,-1,0x00000001,0x801a4a7c,0x801ffed0,0x00000001,0x00000001,0x801a4a78,0x801ffec0,0x801ffed0,0x80010690,battle_0x55
155,0xf2ca574f,OP55,0x800144fc,0x80017248,unknown,0x00000000,0x00,0x00000108,0xa8001248,0x00000000,-1,0x00000001,0x801a4a7c,0x801ffed0,0x00000001,0x00000001,0x801a4a78,0x801ffec0,0x801ffed0,0x80010690,battle_0x55
156,0xf2db906b,OP55,0x800144fc,0x80017248,unknown,0x00000000,0x00,0x00000108,0xa8001248,0x00000000,-1,0x00000001,0x801a4a7c,0x801ffed0,0x00000001,0x00000001,0x801a4a78,0x801ffec0,0x801ffed0,0x80010690,battle_0x55
157,0xf2ecc9db,OP55,0x800144fc,0x80017248,unknown,0x00000000,0x00,0x00000108,0xa8001248,0x00000000,-1,0x00000001,0x801a4a7c,0x801ffed0,0x00000001,0x00000001,0x801a4a78,0x801ffec0,0x801ffed0,0x80010690,battle_0x55
158,0xf2fe0337,OP55,0x800144fc,0x80017248,unknown,0x00000000,0x00,0x00000108,0xa8001248,0x00000000,-1,0x00000001,0x801a4a7c,0x801ffed0,0x00000001,0x00000001,0x801a4a78,0x801ffec0,0x801ffed0,0x80010690,battle_0x55
159,0xf30f3c7c,OP55,0x800144fc,0x80017248,unknown,0x00000000,0x00,0x00000108,0xa8001248,0x00000000,-1,0x00000001,0x801a4a7c,0x801ffed0,0x00000001,0x00000001,0x801a4a78,0x801ffec0,0x801ffed0,0x80010690,battle_0x55
160,0xf3208846,OP55,0x800144fc,0x80017248,unknown,0x00000000,0x00,0x00000108,0xa8001248,0x00000000,-1,0x00000001,0x801a4a7c,0x801ffed0,0x00000001,0x00000001,0x801a4a78,0x801ffec0,0x801ffed0,0x80010690,battle_0x55
161,0xf331af45,OP55,0x800144fc,0x80017248,unknown,0x00000000,0x00,0x00000108,0xa8001248,0x00000000,-1,0x00000001,0x801a4a7c,0x801ffed0,0x00000001,0x00000001,0x801a4a78,0x801ffec0,0x801ffed0,0x80010690,battle_0x55
162,0xf342e8d4,OP55,0x800144fc,0x80017248,unknown,0x00000000,0x00,0x00000108,0xa8001248,0x00000000,-1,0x00000001,0x801a4a7c,0x801ffed0,0x00000001,0x00000001,0x801a4a78,0x801ffec0,0x801ffed0,0x80010690,battle_0x55
163,0xf354222c,OP55,0x800144fc,0x80017248,unknown,0x00000000,0x00,0x00000108,0xa8001248,0x00000000,-1,0x00000001,0x801a4a7c,0x801ffed0,0x00000001,0x00000001,0x801a4a78,0x801ffec0,0x801ffed0,0x80010690,battle_0x55
164,0xf3655b5d,OP55,0x800144fc,0x80017248,unknown,0x00000000,0x00,0x00000108,0xa8001248,0x00000000,-1,0x00000001,0x801a4a7c,0x801ffed0,0x00000001,0x00000001,0x801a4a78,0x801ffec0,0x801ffed0,0x80010690,battle_0x55
165,0xf37694c2,OP55,0x800144fc,0x80017248,unknown,0x00000000,0x00,0x00000108,0xa8001248,0x00000000,-1,0x00000001,0x801a4a7c,0x801ffed0,0x00000001,0x00000001,0x801a4a78,0x801ffec0,0x801ffed0,0x80010690,battle_0x55
166,0xf387ce13,OP55,0x800144fc,0x80017248,unknown,0x00000000,0x00,0x00000108,0xa8001248,0x00000000,-1,0x00000001,0x801a4a7c,0x801ffed0,0x00000001,0x00000001,0x801a4a78,0x801ffec0,0x801ffed0,0x80010690,battle_0x55
167,0xf399077a,OP55,0x800144fc,0x80017248,unknown,0x00000000,0x00,0x00000108,0xa8001248,0x00000000,-1,0x00000001,0x801a4a7c,0x801ffed0,0x00000001,0x00000001,0x801a4a78,0x801ffec0,0x801ffed0,0x80010690,battle_0x55
168,0xf3aa40d0,OP55,0x800144fc,0x80017248,unknown,0x00000000,0x00,0x00000108,0xa8001248,0x00000000,-1,0x00000001,0x801a4a7c,0x801ffed0,0x00000001,0x00000001,0x801a4a78,0x801ffec0,0x801ffed0,0x80010690,battle_0x55
169,0xf3bb7a46,OP55,0x800144fc,0x80017248,unknown,0x00000000,0x00,0x00000108,0xa8001248,0x00000000,-1,0x00000001,0x801a4a7c,0x801ffed0,0x00000001,0x00000001,0x801a4a78,0x801ffec0,0x801ffed0,0x80010690,battle_0x55
170,0xf3ccb375,OP55,0x800144fc,0x80017248,unknown,0x00000000,0x00,0x00000108,0xa8001248,0x00000000,-1,0x00000001,0x801a4a7c,0x801ffed0,0x00000001,0x00000001,0x801a4a78,0x801ffec0,0x801ffed0,0x80010690,battle_0x55
171,0xf3ddece5,OP55,0x800144fc,0x80017248,unknown,0x00000000,0x00,0x00000108,0xa8001248,0x00000000,-1,0x00000001,0x801a4a7c,0x801ffed0,0x00000001,0x00000001,0x801a4a78,0x801ffec0,0x801ffed0,0x80010690,battle_0x55
172,0xf3ef2666,OP55,0x800144fc,0x80017248,unknown,0x00000000,0x00,0x00000108,0xa8001248,0x00000000,-1,0x00000001,0x801a4a7c,0x801ffed0,0x00000001,0x00000001,0x801a4a78,0x801ffec0,0x801ffed0,0x80010690,battle_0x55
173,0xf4005f96,OP55,0x800144fc,0x80017248,unknown,0x00000000,0x00,0x00000108,0xa8001248,0x00000000,-1,0x00000001,0x801a4a7c,0x801ffed0,0x00000001,0x00000001,0x801a4a78,0x801ffec0,0x801ffed0,0x80010690,battle_0x55
174,0xf411ab70,OP55,0x800144fc,0x80017248,unknown,0x00000000,0x00,0x00000108,0xa8001248,0x00000000,-1,0x00000001,0x801a4a7c,0x801ffed0,0x00000001,0x00000001,0x801a4a78,0x801ffec0,0x801ffed0,0x80010690,battle_0x55
175,0xf422d25f,OP55,0x800144fc,0x80017248,unknown,0x00000000,0x00,0x00000108,0xa8001248,0x00000000,-1,0x00000001,0x801a4a7c,0x801ffed0,0x00000001,0x00000001,0x801a4a78,0x801ffec0,0x801ffed0,0x80010690,battle_0x55
176,0xf4340bb5,OP55,0x800144fc,0x80017248,unknown,0x00000000,0x00,0x00000108,0xa8001248,0x00000000,-1,0x00000001,0x801a4a7c,0x801ffed0,0x00000001,0x00000001,0x801a4a78,0x801ffec0,0x801ffed0,0x80010690,battle_0x55
177,0xf44544f3,OP55,0x800144fc,0x80017248,unknown,0x00000000,0x00,0x00000108,0xa8001248,0x00000000,-1,0x00000001,0x801a4a7c,0x801ffed0,0x00000001,0x00000001,0x801a4a78,0x801ffec0,0x801ffed0,0x80010690,battle_0x55
178,0xf4567e64,OP55,0x800144fc,0x80017248,unknown,0x00000000,0x00,0x00000108,0xa8001248,0x00000000,-1,0x00000001,0x801a4a7c,0x801ffed0,0x00000001,0x00000001,0x801a4a78,0x801ffec0,0x801ffed0,0x80010690,battle_0x55
179,0xf467b7c9,OP55,0x800144fc,0x80017248,unknown,0x00000000,0x00,0x00000108,0xa8001248,0x00000000,-1,0x00000001,0x801a4a7c,0x801ffed0,0x00000001,0x00000001,0x801a4a78,0x801ffec0,0x801ffed0,0x80010690,battle_0x55
180,0xf478f11a,OP55,0x800144fc,0x80017248,unknown,0x00000000,0x00,0x00000108,0xa8001248,0x00000000,-1,0x00000001,0x801a4a7c,0x801ffed0,0x00000001,0x00000001,0x801a4a78,0x801ffec0,0x801ffed0,0x80010690,battle_0x55
181,0xf48a2a7f,OP55,0x800144fc,0x80017248,unknown,0x00000000,0x00,0x00000108,0xa8001248,0x00000000,-1,0x00000001,0x801a4a7c,0x801ffed0,0x00000001,0x00000001,0x801a4a78,0x801ffec0,0x801ffed0,0x80010690,battle_0x55
182,0xf49b63f5,OP55,0x800144fc,0x80017248,unknown,0x00000000,0x00,0x00000108,0xa8001248,0x00000000,-1,0x00000001,0x801a4a7c,0x801ffed0,0x00000001,0x00000001,0x801a4a78,0x801ffec0,0x801ffed0,0x80010690,battle_0x55
183,0xf4ac9d1f,OP55,0x800144fc,0x80017248,unknown,0x00000000,0x00,0x00000108,0xa8001248,0x00000000,-1,0x00000001,0x801a4a7c,0x801ffed0,0x00000001,0x00000001,0x801a4a78,0x801ffec0,0x801ffed0,0x80010690,battle_0x55
184,0xf4bdd684,OP55,0x800144fc,0x80017248,unknown,0x00000000,0x00,0x00000108,0xa8001248,0x00000000,-1,0x00000001,0x801a4a7c,0x801ffed0,0x00000001,0x00000001,0x801a4a78,0x801ffec0,0x801ffed0,0x80010690,battle_0x55
185,0xf4cf0fe7,OP55,0x800144fc,0x80017248,unknown,0x00000000,0x00,0x00000108,0xa8001248,0x00000000,-1,0x00000001,0x801a4a7c,0x801ffed0,0x00000001,0x00000001,0x801a4a78,0x801ffec0,0x801ffed0,0x80010690,battle_0x55
186,0xf4e04943,OP55,0x800144fc,0x80017248,unknown,0x00000000,0x00,0x00000108,0xa8001248,0x00000000,-1,0x00000001,0x801a4a7c,0x801ffed0,0x00000001,0x00000001,0x801a4a78,0x801ffec0,0x801ffed0,0x80010690,battle_0x55
187,0xf4f182a6,OP55,0x800144fc,0x80017248,unknown,0x00000000,0x00,0x00000108,0xa8001248,0x00000000,-1,0x00000001,0x801a4a7c,0x801ffed0,0x00000001,0x00000001,0x801a4a78,0x801ffec0,0x801ffed0,0x80010690,battle_0x55
188,0xf502bbf5,OP55,0x800144fc,0x80017248,unknown,0x00000000,0x00,0x00000108,0xa8001248,0x00000000,-1,0x00000001,0x801a4a7c,0x801ffed0,0x00000001,0x00000001,0x801a4a78,0x801ffec0,0x801ffed0,0x80010690,battle_0x55
189,0xf51407b0,OP55,0x800144fc,0x80017248,unknown,0x00000000,0x00,0x00000108,0xa8001248,0x00000000,-1,0x00000001,0x801a4a7c,0x801ffed0,0x00000001,0x00000001,0x801a4a78,0x801ffec0,0x801ffed0,0x80010690,battle_0x55
190,0xf5252ee5,OP55,0x800144fc,0x80017248,unknown,0x00000000,0x00,0x00000108,0xa8001248,0x00000000,-1,0x00000001,0x801a4a7c,0x801ffed0,0x00000001,0x00000001,0x801a4a78,0x801ffec0,0x801ffed0,0x80010690,battle_0x55
191,0xf5366840,OP55,0x800144fc,0x80017248,unknown,0x00000000,0x00,0x00000108,0xa8001248,0x00000000,-1,0x00000001,0x801a4a7c,0x801ffed0,0x00000001,0x00000001,0x801a4a78,0x801ffec0,0x801ffed0,0x80010690,battle_0x55
192,0xf547a16f,OP55,0x800144fc,0x80017248,unknown,0x00000000,0x00,0x00000108,0xa8001248,0x00000000,-1,0x00000001,0x801a4a7c,0x801ffed0,0x00000001,0x00000001,0x801a4a78,0x801ffec0,0x801ffed0,0x80010690,battle_0x55
193,0xf558dac3,OP55,0x800144fc,0x80017248,unknown,0x00000000,0x00,0x00000108,0xa8001248,0x00000000,-1,0x00000001,0x801a4a7c,0x801ffed0,0x00000001,0x00000001,0x801a4a78,0x801ffec0,0x801ffed0,0x80010690,battle_0x55
194,0xf56a1414,OP55,0x800144fc,0x80017248,unknown,0x00000000,0x00,0x00000108,0xa8001248,0x00000000,-1,0x00000001,0x801a4a7c,0x801ffed0,0x00000001,0x00000001,0x801a4a78,0x801ffec0,0x801ffed0,0x80010690,battle_0x55
195,0xf57b4d79,OP55,0x800144fc,0x80017248,unknown,0x00000000,0x00,0x00000108,0xa8001248,0x00000000,-1,0x00000001,0x801a4a7c,0x801ffed0,0x00000001,0x00000001,0x801a4a78,0x801ffec0,0x801ffed0,0x80010690,battle_0x55
196,0xf58c86dd,OP55,0x800144fc,0x80017248,unknown,0x00000000,0x00,0x00000108,0xa8001248,0x00000000,-1,0x00000001,0x801a4a7c,0x801ffed0,0x00000001,0x00000001,0x801a4a78,0x801ffec0,0x801ffed0,0x80010690,battle_0x55
197,0xf59dc042,OP55,0x800144fc,0x80017248,unknown,0x00000000,0x00,0x00000108,0xa8001248,0x00000000,-1,0x00000001,0x801a4a7c,0x801ffed0,0x00000001,0x00000001,0x801a4a78,0x801ffec0,0x801ffed0,0x80010690,battle_0x55
198,0xf5aef998,OP55,0x800144fc,0x80017248,unknown,0x00000000,0x00,0x00000108,0xa8001248,0x00000000,-1,0x00000001,0x801a4a7c,0x801ffed0,0x00000001,0x00000001,0x801a4a78,0x801ffec0,0x801ffed0,0x80010690,battle_0x55
199,0xf5c032e8,OP55,0x800144fc,0x80017248,unknown,0x00000000,0x00,0x00000108,0xa8001248,0x00000000,-1,0x00000001,0x801a4a7c,0x801ffed0,0x00000001,0x00000001,0x801a4a78,0x801ffec0,0x801ffed0,0x80010690,battle_0x55
200,0xf5d17e8f,OP55,0x800144fc,0x80017248,unknown,0x00000000,0x00,0x00000108,0xa8001248,0x00000000,-1,0x00000001,0x801a4a7c,0x801ffed0,0x00000001,0x00000001,0x801a4a78,0x801ffec0,0x801ffed0,0x80010690,battle_0x55
201,0xf5e2a5bb,OP55,0x800144fc,0x80017248,unknown,0x00000000,0x00,0x00000108,0xa8001248,0x00000000,-1,0x00000001,0x801a4a7c,0x801ffed0,0x00000001,0x00000001,0x801a4a78,0x801ffec0,0x801ffed0,0x80010690,battle_0x55
202,0xf5f3df01,OP55,0x800144fc,0x80017248,unknown,0x00000000,0x00,0x00000108,0xa8001248,0x00000000,-1,0x00000001,0x801a4a7c,0x801ffed0,0x00000001,0x00000001,0x801a4a78,0x801ffec0,0x801ffed0,0x80010690,battle_0x55
203,0xf605188e,OP55,0x800144fc,0x80017248,unknown,0x00000000,0x00,0x00000108,0xa8001248,0x00000000,-1,0x00000001,0x801a4a7c,0x801ffed0,0x00000001,0x00000001,0x801a4a78,0x801ffec0,0x801ffed0,0x80010690,battle_0x55
204,0xf61651dc,OP55,0x800144fc,0x80017248,unknown,0x00000000,0x00,0x00000108,0xa8001248,0x00000000,-1,0x00000001,0x801a4a7c,0x801ffed0,0x00000001,0x00000001,0x801a4a78,0x801ffec0,0x801ffed0,0x80010690,battle_0x55
205,0xf6278b3c,OP55,0x800144fc,0x80017248,unknown,0x00000000,0x00,0x00000108,0xa8001248,0x00000000,-1,0x00000001,0x801a4a7c,0x801ffed0,0x00000001,0x00000001,0x801a4a78,0x801ffec0,0x801ffed0,0x80010690,battle_0x55
206,0xf638c46d,OP55,0x800144fc,0x80017248,unknown,0x00000000,0x00,0x00000108,0xa8001248,0x00000000,-1,0x00000001,0x801a4a7c,0x801ffed0,0x00000001,0x00000001,0x801a4a78,0x801ffec0,0x801ffed0,0x80010690,battle_0x55
207,0xf649fdf5,OP55,0x800144fc,0x80017248,unknown,0x00000000,0x00,0x00000108,0xa8001248,0x00000000,-1,0x00000001,0x801a4a7c,0x801ffed0,0x00000001,0x00000001,0x801a4a78,0x801ffec0,0x801ffed0,0x80010690,battle_0x55
208,0xf65b3736,OP55,0x800144fc,0x80017248,unknown,0x00000000,0x00,0x00000108,0xa8001248,0x00000000,-1,0x00000001,0x801a4a7c,0x801ffed0,0x00000001,0x00000001,0x801a4a78,0x801ffec0,0x801ffed0,0x80010690,battle_0x55
209,0xf66c708f,OP55,0x800144fc,0x80017248,unknown,0x00000000,0x00,0x00000108,0xa8001248,0x00000000,-1,0x00000001,0x801a4a7c,0x801ffed0,0x00000001,0x00000001,0x801a4a78,0x801ffec0,0x801ffed0,0x80010690,battle_0x55
210,0xf67da9eb,OP55,0x800144fc,0x80017248,unknown,0x00000000,0x00,0x00000108,0xa8001248,0x00000000,-1,0x00000001,0x801a4a7c,0x801ffed0,0x00000001,0x00000001,0x801a4a78,0x801ffec0,0x801ffed0,0x80010690,battle_0x55
212,0xf67db3e4,293F4,0x800293f4,0x80029918,unknown,0x00000000,0x00,0x00000108,0xa8001248,0x800b8a20,40,0x00000001,0x801a4a7c,0x00000000,0xffffffff,0x00001000,0x00000000,0x801ffe88,0x00000000,0x801ffed0,hp_copy
214,0xf68ee379,OP55,0x800144fc,0x80017248,unknown,0x00000000,0x00,0x00000108,0xa8001248,0x800b8a20,40,0x00000001,0x801a4a7c,0x801ffed0,0x00000001,0x00000001,0x801a4a78,0x801ffec0,0x801ffed0,0x80010690,battle_0x55
215,0xf6a01cb1,OP55,0x800144fc,0x80017248,unknown,0x00000000,0x00,0x00000108,0xa8001248,0x800b8a20,40,0x00000001,0x801a4a7c,0x801ffed0,0x00000001,0x00000001,0x801a4a78,0x801ffec0,0x801ffed0,0x80010690,battle_0x55
216,0xf6b1562a,OP55,0x800144fc,0x80017248,unknown,0x00000000,0x00,0x00000108,0xa8001248,0x800b8a20,40,0x00000001,0x801a4a7c,0x801ffed0,0x00000001,0x00000001,0x801a4a78,0x801ffec0,0x801ffed0,0x80010690,battle_0x55
218,0xf6b164ca,MODE7_STORE,0x8002cee0,0x8002bcac,unknown,0x00000006,0x00,0x00000108,0xa8001248,0x800b8a20,40,0x00000001,0x801a4b10,0x00000000,0x800b8a20,0x00000000,0x00000800,0x801ffa70,0x00000000,0x00000001,sw mode=7
220,0xfaf72442,OP2A,0x80017a50,0x80017248,unknown,0x00000007,0x00,0x00000108,0xa8001248,0x800b8a20,40,0x00000001,0x801a0d58,0x801ffec8,0x00000002,0x00000002,0x801a0d50,0x801ffeb8,0x801ffec8,0x80010690,scratch_bit_op
222,0xfb19c548,OP2A,0x80017a50,0x80017248,unknown,0x00000007,0x00,0x00000118,0xa8001248,0x800b8a20,40,0x00000005,0x801a5b08,0x801ffed0,0x00000002,0x00000002,0x801a5b00,0x801ffec0,0x801ffed0,0x80010690,scratch_bit_op
224,0xfb19c63a,4D4_SET_33A2C,0x80033a34,0x80019d34,unknown,0x00000007,0x00,0x0000011c,0xa8001248,0x800b8a20,40,0x00000004,0x801a5b20,0x801ffed0,0x00000000,0x00000000,0x801a5b20,0x801ffea8,0x801ffed0,0x80010690,sb 4D4=1
227,0xfb19f1a0,1D340,0x8001d340,0x8002a504,unknown,0x00000000,0x01,0x0000011c,0xa8001248,0x800b8a20,40,0x00000004,0x801a2278,0x00000001,0x00000000,0x8007136c,0x801ffd58,0x801ffd90,0x800b0cd8,0x00000001,damage_entry
228,0xfb2ae347,1D340,0x8001d340,0x8002a504,unknown,0x00000000,0x01,0x0000011c,0xa8001248,0x800b8a20,40,0x00000004,0x801a4338,0x00000001,0x00000000,0x8007136c,0x801ffd58,0x801ffd90,0x800b0cd8,0x00000001,damage_entry
229,0xfb3c1c99,1D340,0x8001d340,0x8002a504,unknown,0x00000000,0x01,0x0000011c,0xa8001248,0x800b8a20,40,0x00000004,0x801a4338,0x00000001,0x00000000,0x8007136c,0x801ffd58,0x801ffd90,0x800b0cd8,0x00000001,damage_entry
230,0xfb4d561c,1D340,0x8001d340,0x8002a504,unknown,0x00000000,0x01,0x0000011c,0xa8001248,0x800b8a20,40,0x00000004,0x801a4338,0x00000001,0x00000000,0x8007136c,0x801ffd58,0x801ffd90,0x800b0cd8,0x00000001,damage_entry
231,0xfb5e9085,1D340,0x8001d340,0x8002a504,unknown,0x00000000,0x01,0x0000011c,0xa8001248,0x800b8a20,40,0x00000004,0x801a12ec,0x00000001,0x00000000,0x8007136c,0x801ffd58,0x801ffd90,0x800b0cd8,0x00000001,damage_entry
232,0xfb6fc8ae,1D340,0x8001d340,0x8002a504,unknown,0x00000000,0x01,0x0000011c,0xa8001248,0x800b8a20,40,0x00000004,0x801a4338,0x00000001,0x00000000,0x8007136c,0x801ffd58,0x801ffd90,0x800b0cd8,0x00000001,damage_entry
233,0xfb81022a,1D340,0x8001d340,0x8002a504,unknown,0x00000000,0x01,0x0000011c,0xa8001248,0x800b8a20,40,0x00000004,0x801a4338,0x00000001,0x00000000,0x8007136c,0x801ffd58,0x801ffd90,0x800b0cd8,0x00000001,damage_entry
234,0xfb923ba1,1D340,0x8001d340,0x8002a504,unknown,0x00000000,0x01,0x0000011c,0xa8001248,0x800b8a20,40,0x00000004,0x801a4338,0x00000001,0x00000000,0x8007136c,0x801ffd58,0x801ffd90,0x800b0cd8,0x00000001,damage_entry
235,0xfba374b8,1D340,0x8001d340,0x8002a504,unknown,0x00000000,0x01,0x0000011c,0xa8001248,0x800b8a20,40,0x00000004,0x801a4338,0x00000001,0x00000000,0x8007136c,0x801ffd58,0x801ffd90,0x800b0cd8,0x00000001,damage_entry
236,0xfbb4ae1c,1D340,0x8001d340,0x8002a504,unknown,0x00000000,0x01,0x0000011c,0xa8001248,0x800b8a20,40,0x00000004,0x801a4338,0x00000001,0x00000000,0x8007136c,0x801ffd58,0x801ffd90,0x800b0cd8,0x00000001,damage_entry
237,0xfbc5e797,1D340,0x8001d340,0x8002a504,unknown,0x00000000,0x01,0x0000011c,0xa8001248,0x800b8a20,40,0x00000004,0x801a4338,0x00000001,0x00000000,0x8007136c,0x801ffd58,0x801ffd90,0x800b0cd8,0x00000001,damage_entry
238,0xfbd7210f,1D340,0x8001d340,0x8002a504,unknown,0x00000000,0x01,0x0000011c,0xa8001248,0x800b8a20,40,0x00000004,0x801a4338,0x00000001,0x00000000,0x8007136c,0x801ffd58,0x801ffd90,0x800b0cd8,0x00000001,damage_entry
239,0xfbe85a58,1D340,0x8001d340,0x8002a504,unknown,0x00000000,0x01,0x0000011c,0xa8001248,0x800b8a20,40,0x00000004,0x801a4338,0x00000001,0x00000000,0x8007136c,0x801ffd58,0x801ffd90,0x800b0cd8,0x00000001,damage_entry
240,0xfbf99379,1D340,0x8001d340,0x8002a504,unknown,0x00000000,0x01,0x0000011c,0xa8001248,0x800b8a20,40,0x00000004,0x801a4338,0x00000001,0x00000000,0x8007136c,0x801ffd58,0x801ffd90,0x800b0cd8,0x00000001,damage_entry
241,0xfc0acde9,1D340,0x8001d340,0x8002a504,unknown,0x00000000,0x01,0x0000011c,0xa8001248,0x800b8a20,40,0x00000004,0x801a12ec,0x00000001,0x00000000,0x8007136c,0x801ffd58,0x801ffd90,0x800b0cd8,0x00000001,damage_entry
242,0xfc1c0678,1D340,0x8001d340,0x8002a504,unknown,0x00000000,0x01,0x0000011c,0xa8001248,0x800b8a20,40,0x00000004,0x801a4338,0x00000001,0x00000000,0x8007136c,0x801ffd58,0x801ffd90,0x800b0cd8,0x00000001,damage_entry
243,0xfc2d3fc8,1D340,0x8001d340,0x8002a504,unknown,0x00000000,0x01,0x0000011c,0xa8001248,0x800b8a20,40,0x00000004,0x801a4338,0x00000001,0x00000000,0x8007136c,0x801ffd58,0x801ffd90,0x800b0cd8,0x00000001,damage_entry
244,0xfc3e7928,1D340,0x8001d340,0x8002a504,unknown,0x00000000,0x01,0x0000011c,0xa8001248,0x800b8a20,40,0x00000004,0x801a4338,0x00000001,0x00000000,0x8007136c,0x801ffd58,0x801ffd90,0x800b0cd8,0x00000001,damage_entry
245,0xfc4fb27b,1D340,0x8001d340,0x8002a504,unknown,0x00000000,0x01,0x0000011c,0xa8001248,0x800b8a20,40,0x00000004,0x801a4338,0x00000001,0x00000000,0x8007136c,0x801ffd58,0x801ffd90,0x800b0cd8,0x00000001,damage_entry
246,0xfc60ebdc,1D340,0x8001d340,0x8002a504,unknown,0x00000000,0x01,0x0000011c,0xa8001248,0x800b8a20,40,0x00000004,0x801a4338,0x00000001,0x00000000,0x8007136c,0x801ffd58,0x801ffd90,0x800b0cd8,0x00000001,damage_entry
247,0xfc722545,1D340,0x8001d340,0x8002a504,unknown,0x00000000,0x01,0x0000011c,0xa8001248,0x800b8a20,40,0x00000004,0x801a4338,0x00000001,0x00000000,0x8007136c,0x801ffd58,0x801ffd90,0x800b0cd8,0x00000001,damage_entry
248,0xfc835ea0,1D340,0x8001d340,0x8002a504,unknown,0x00000000,0x01,0x0000011c,0xa8001248,0x800b8a20,40,0x00000004,0x801a4338,0x00000001,0x00000000,0x8007136c,0x801ffd58,0x801ffd90,0x800b0cd8,0x00000001,damage_entry
249,0xfc9497fe,1D340,0x8001d340,0x8002a504,unknown,0x00000000,0x01,0x0000011c,0xa8001248,0x800b8a20,40,0x00000004,0x801a4338,0x00000001,0x00000000,0x8007136c,0x801ffd58,0x801ffd90,0x800b0cd8,0x00000001,damage_entry
250,0xfca5d12e,1D340,0x8001d340,0x8002a504,unknown,0x00000000,0x01,0x0000011c,0xa8001248,0x800b8a20,40,0x00000004,0x801a4338,0x00000001,0x00000000,0x8007136c,0x801ffd58,0x801ffd90,0x800b0cd8,0x00000001,damage_entry
251,0xfcb70b89,1D340,0x8001d340,0x8002a504,unknown,0x00000000,0x01,0x0000011c,0xa8001248,0x800b8a20,40,0x00000004,0x801a12ec,0x00000001,0x00000000,0x8007136c,0x801ffd58,0x801ffd90,0x800b0cd8,0x00000001,damage_entry
252,0xfcc84400,1D340,0x8001d340,0x8002a504,unknown,0x00000000,0x01,0x0000011c,0xa8001248,0x800b8a20,40,0x00000004,0x801a4338,0x00000001,0x00000000,0x8007136c,0x801ffd58,0x801ffd90,0x800b0cd8,0x00000001,damage_entry
253,0xfcd97d55,1D340,0x8001d340,0x8002a504,unknown,0x00000000,0x01,0x0000011c,0xa8001248,0x800b8a20,40,0x00000004,0x801a4338,0x00000001,0x00000000,0x8007136c,0x801ffd58,0x801ffd90,0x800b0cd8,0x00000001,damage_entry
254,0xfceab688,1D340,0x8001d340,0x8002a504,unknown,0x00000000,0x01,0x0000011c,0xa8001248,0x800b8a20,40,0x00000004,0x801a4338,0x00000001,0x00000000,0x8007136c,0x801ffd58,0x801ffd90,0x800b0cd8,0x00000001,damage_entry
255,0xfcfbf016,1D340,0x8001d340,0x8002a504,unknown,0x00000000,0x01,0x0000011c,0xa8001248,0x800b8a20,40,0x00000004,0x801a4338,0x00000001,0x00000000,0x8007136c,0x801ffd58,0x801ffd90,0x800b0cd8,0x00000001,damage_entry
0x00000100,0xfd0d21f4,OP2A,0x80017a50,0x80017248,unknown,0x00000000,0x01,0x0000011c,0xa8001248,0x800b8a20,40,0x00000004,0x801a22bc,0x801ffed0,0x00000002,0x00000002,0x801a22b4,0x801ffec0,0x801ffed0,0x80010690,scratch_bit_op
0x00000101,0xfd0d3621,1D340,0x8001d340,0x8002a504,unknown,0x00000000,0x01,0x0000011c,0xa8001248,0x800b8a20,40,0x00000004,0x801a22dc,0x00000001,0x00000000,0x8007136c,0x801ffd58,0x801ffd90,0x800b0cd8,0x00000001,damage_entry
0x00000102,0xfd1ea197,OP2A,0x80017a50,0x80017248,unknown,0x00000000,0x01,0x0000011c,0xa8001248,0x800b8a20,40,0x00000004,0x801a22bc,0x801ffed0,0x00000002,0x00000002,0x801a22b4,0x801ffec0,0x801ffed0,0x80010690,scratch_bit_op
0x00000103,0xfd1eb420,1D340,0x8001d340,0x8002a504,unknown,0x00000000,0x01,0x0000011c,0xa8001248,0x800b8a20,40,0x00000004,0x801a22dc,0x00000001,0x00000000,0x8007136c,0x801ffd58,0x801ffd90,0x800b0cd8,0x00000001,damage_entry
0x00000104,0xfd2fd75f,OP2A,0x80017a50,0x80017248,unknown,0x00000000,0x01,0x0000011c,0xa8001248,0x800b8a20,40,0x00000004,0x801a3494,0x801ffed0,0x00000002,0x00000002,0x801a348c,0x801ffec0,0x801ffed0,0x80010690,scratch_bit_op
0x00000105,0xfd304200,1D340,0x8001d340,0x8002a504,unknown,0x00000000,0x01,0x0000011c,0xa8001248,0x800b8a20,40,0x00000004,0x801a22dc,0x00000001,0x00000000,0x8007136c,0x801ffd58,0x801ffd90,0x800b0cd8,0x00000001,damage_entry
0x00000106,0xfd413241,1D340,0x8001d340,0x8002a504,unknown,0x00000000,0x01,0x0000011c,0xa8001248,0x800b8a20,40,0x00000004,0x801a22dc,0x00000001,0x00000000,0x8007136c,0x801ffd58,0x801ffd90,0x800b0cd8,0x00000001,damage_entry
0x00000107,0xfd526d99,1D340,0x8001d340,0x8002a504,unknown,0x00000000,0x01,0x0000011c,0xa8001248,0x800b8a20,40,0x00000004,0x801a22dc,0x00000001,0x00000000,0x8007136c,0x801ffd58,0x801ffd90,0x800b0cd8,0x00000001,damage_entry
0x00000108,0xfd63a82c,1D340,0x8001d340,0x8002a504,unknown,0x00000000,0x01,0x0000011c,0xa8001248,0x800b8a20,40,0x00000004,0x801a12ec,0x00000001,0x00000000,0x8007136c,0x801ffd58,0x801ffd90,0x800b0cd8,0x00000001,damage_entry
0x00000109,0xfd74e053,1D340,0x8001d340,0x8002a504,unknown,0x00000000,0x01,0x0000011c,0xa8001248,0x800b8a20,40,0x00000004,0x801a22dc,0x00000001,0x00000000,0x8007136c,0x801ffd58,0x801ffd90,0x800b0cd8,0x00000001,damage_entry
0x0000010a,0xfd8617e3,1D340,0x8001d340,0x8002a504,unknown,0x00000000,0x01,0x0000011c,0xa8001248,0x800b8a20,40,0x00000004,0x801a22dc,0x00000001,0x00000000,0x8007136c,0x801ffd58,0x801ffd90,0x800b0cd8,0x00000001,damage_entry
0x0000010b,0xfd97530c,1D340,0x8001d340,0x8002a504,unknown,0x00000000,0x01,0x0000011c,0xa8001248,0x800b8a20,40,0x00000004,0x801a22dc,0x00000001,0x00000000,0x8007136c,0x801ffd58,0x801ffd90,0x800b0cd8,0x00000001,damage_entry
0x0000010c,0xfda88d09,1D340,0x8001d340,0x8002a504,unknown,0x00000000,0x01,0x0000011c,0xa8001248,0x800b8a20,40,0x00000004,0x801a22dc,0x00000001,0x00000000,0x8007136c,0x801ffd58,0x801ffd90,0x800b0cd8,0x00000001,damage_entry
0x0000010d,0xfdb9cb23,1D340,0x8001d340,0x8002a504,unknown,0x00000000,0x01,0x0000011c,0xa8001248,0x800b8a20,40,0x00000004,0x801a22dc,0x00000001,0x00000000,0x8007136c,0x801ffd58,0x801ffd90,0x800b0cd8,0x00000001,damage_entry
0x0000010e,0xfdcafe35,1D340,0x8001d340,0x8002a504,unknown,0x00000000,0x01,0x0000011c,0xa8001248,0x800b8a20,40,0x00000004,0x801a22dc,0x00000001,0x00000000,0x8007136c,0x801ffd58,0x801ffd90,0x800b0cd8,0x00000001,damage_entry
0x0000010f,0xfddc407a,1D340,0x8001d340,0x8002a504,unknown,0x00000000,0x01,0x0000011c,0xa8001248,0x800b8a20,40,0x00000004,0x801a22dc,0x00000001,0x00000000,0x8007136c,0x801ffd58,0x801ffd90,0x800b0cd8,0x00000001,damage_entry
0x00000110,0xfded7210,1D340,0x8001d340,0x8002a504,unknown,0x00000000,0x01,0x0000011c,0xa8001248,0x800b8a20,40,0x00000004,0x801a22dc,0x00000001,0x00000000,0x8007136c,0x801ffd58,0x801ffd90,0x800b0cd8,0x00000001,damage_entry
0x00000111,0xfdfeab69,1D340,0x8001d340,0x8002a504,unknown,0x00000000,0x01,0x0000011c,0xa8001248,0x800b8a20,40,0x00000004,0x801a22dc,0x00000001,0x00000000,0x8007136c,0x801ffd58,0x801ffd90,0x800b0cd8,0x00000001,damage_entry
0x00000112,0xfe0fe619,1D340,0x8001d340,0x8002a504,unknown,0x00000000,0x01,0x0000011c,0xa8001248,0x800b8a20,40,0x00000004,0x801a12ec,0x00000001,0x00000000,0x8007136c,0x801ffd58,0x801ffd90,0x800b0cd8,0x00000001,damage_entry
0x00000113,0xfe211e22,1D340,0x8001d340,0x8002a504,unknown,0x00000000,0x01,0x0000011c,0xa8001248,0x800b8a20,40,0x00000004,0x801a22dc,0x00000001,0x00000000,0x8007136c,0x801ffd58,0x801ffd90,0x800b0cd8,0x00000001,damage_entry
0x00000114,0xfe325abf,1D340,0x8001d340,0x8002a504,unknown,0x00000000,0x01,0x0000011c,0xa8001248,0x800b8a20,40,0x00000004,0x801a22dc,0x00000001,0x00000000,0x8007136c,0x801ffd58,0x801ffd90,0x800b0cd8,0x00000001,damage_entry
0x00000115,0xfe4396ca,1D340,0x8001d340,0x8002a504,unknown,0x00000000,0x01,0x0000011c,0xa8001248,0x800b8a20,40,0x00000004,0x801a0140,0x00000001,0x00000000,0x8007136c,0x801ffd58,0x801ffd90,0x800b0cd8,0x00000001,damage_entry
0x00000116,0xfe439975,1E940,0x8001e940,0x8002a504,unknown,0x00000000,0x01,0x0000011c,0xa8001248,0x800b8a20,40,0x00000004,0x801a0140,0x800b8a20,0x000000c1,0x00000025,0x801ffd58,0x801ffa68,0x800bfc10,0x800a5d5c,hp_minus_lbu92
0x00000118,0xfe54c7bb,1D340,0x8001d340,0x8002a504,unknown,0x00000000,0x01,0x0000011c,0xa8001248,0x800b8a20,39,0x00000004,0x801a0140,0x00000001,0x00000000,0x801fff48,0x801ffd58,0x801ffd90,0x800b0cd8,0x00000001,damage_entry
0x00000119,0xfe660024,1D340,0x8001d340,0x8002a504,unknown,0x00000000,0x01,0x0000011c,0xa8001248,0x800b8a20,39,0x00000005,0x801a0140,0x00000001,0x00000000,0x00000000,0x801ffd58,0x801ffd90,0x800b0cd8,0x00000001,damage_entry
0x0000011a,0xfe7739b2,1D340,0x8001d340,0x8002a504,unknown,0x00000000,0x01,0x0000011c,0xa8001248,0x800b8a20,39,0x00000005,0x801a0140,0x00000001,0x00000000,0x00000000,0x801ffd58,0x801ffd90,0x800b0cd8,0x00000001,damage_entry
0x0000011b,0xfe887253,1D340,0x8001d340,0x8002a504,unknown,0x00000000,0x01,0x0000011c,0xa8001248,0x800b8a20,39,0x00000005,0x801a22dc,0x00000001,0x00000000,0x00000000,0x801ffd58,0x801ffd90,0x800b0cd8,0x00000001,damage_entry
0x0000011c,0xfe99b09a,1D340,0x8001d340,0x8002a504,unknown,0x00000000,0x01,0x0000011c,0xa8001248,0x800b8a20,39,0x00000005,0x801a22dc,0x00000001,0x000000ff,0x0000009f,0x00000082,0x801ffd90,0x00000000,0x00000001,damage_entry
0x0000011d,0xfeaae730,1D340,0x8001d340,0x8002a504,unknown,0x00000000,0x01,0x0000011c,0xa8001248,0x800b8a20,39,0x00000005,0x801a0140,0x00000001,0x00000050,0x000000a3,0x801ffd58,0x801ffd90,0x00000000,0x00000001,damage_entry
0x0000011e,0xfebc21f1,1D340,0x8001d340,0x8002a504,unknown,0x00000000,0x01,0x0000011c,0xa8001248,0x800b8a20,39,0x00000005,0x801a0140,0x00000001,0x00000046,0x000000f9,0x0000009f,0x801ffd90,0x00000000,0x00000001,damage_entry
0x0000011f,0xfecd59f8,1D340,0x8001d340,0x8002a504,unknown,0x00000000,0x01,0x0000011c,0xa8001248,0x800b8a20,39,0x00000005,0x801a0140,0x00000001,0x00000050,0x000000a3,0x801ffd58,0x801ffd90,0x00000000,0x00000001,damage_entry
0x00000120,0xfede9173,1D340,0x8001d340,0x8002a504,unknown,0x00000000,0x01,0x0000011c,0xa8001248,0x800b8a20,39,0x00000005,0x801a0140,0x00000001,0x000000ff,0x0000009f,0x00000082,0x801ffd90,0x00000000,0x00000001,damage_entry
0x00000121,0xfeefcd0a,1D340,0x8001d340,0x8002a504,unknown,0x00000000,0x01,0x0000011c,0xa8001248,0x800b8a20,39,0x00000005,0x801a0140,0x00000001,0x00000050,0x000000a3,0x801ffd58,0x801ffd90,0x00000000,0x00000001,damage_entry
0x00000122,0xff01063f,1D340,0x8001d340,0x8002a504,unknown,0x00000000,0x01,0x0000011c,0xa8001248,0x800b8a20,39,0x00000005,0x801a0140,0x00000001,0x00000046,0x000000f9,0x0000009f,0x801ffd90,0x00000000,0x00000001,damage_entry
0x00000123,0xff123fa9,1D340,0x8001d340,0x8002a504,unknown,0x00000000,0x01,0x0000011c,0xa8001248,0x800b8a20,39,0x00000005,0x801a0140,0x00000001,0x00000050,0x000000a3,0x801ffd58,0x801ffd90,0x00000000,0x00000001,damage_entry
0x00000124,0xff2376cd,1D340,0x8001d340,0x8002a504,unknown,0x00000000,0x01,0x0000011c,0xa8001248,0x800b8a20,39,0x00000005,0x801a0140,0x00000001,0x000000ff,0x0000009f,0x00000082,0x801ffd90,0x00000000,0x00000001,damage_entry
0x00000125,0xff34b29d,1D340,0x8001d340,0x8002a504,unknown,0x00000000,0x01,0x0000011c,0xa8001248,0x800b8a20,39,0x00000005,0x801a0140,0x00000001,0x00000050,0x000000a3,0x801ffd58,0x801ffd90,0x00000000,0x00000001,damage_entry
0x00000126,0xff45ebb3,1D340,0x8001d340,0x8002a504,unknown,0x00000000,0x01,0x0000011c,0xa8001248,0x800b8a20,39,0x00000005,0x801a0140,0x00000001,0x00000046,0x000000f9,0x0000009f,0x801ffd90,0x00000000,0x00000001,damage_entry
0x00000127,0xff5724ec,1D340,0x8001d340,0x8002a504,unknown,0x00000000,0x01,0x0000011c,0xa8001248,0x800b8a20,39,0x00000005,0x801a0140,0x00000001,0x00000050,0x000000a3,0x801ffd58,0x801ffd90,0x00000000,0x00000001,damage_entry
0x00000128,0xff685d43,1D340,0x8001d340,0x8002a504,unknown,0x00000000,0x01,0x0000011c,0xa8001248,0x800b8a20,39,0x00000005,0x801a0140,0x00000001,0x000000ff,0x0000009f,0x00000082,0x801ffd90,0x00000000,0x00000001,damage_entry
0x00000129,0xff799794,1D340,0x8001d340,0x8002a504,unknown,0x00000000,0x01,0x0000011c,0xa8001248,0x800b8a20,39,0x00000005,0x801a0140,0x00000001,0x00000050,0x000000a3,0x801ffd58,0x801ffd90,0x00000000,0x00000001,damage_entry
0x0000012a,0xff8ad59f,1D340,0x8001d340,0x8002a504,unknown,0x00000000,0x01,0x0000011c,0xa8001248,0x800b8a20,39,0x00000005,0x801a0140,0x00000001,0x00000046,0x000000f9,0x0000009f,0x801ffd90,0x00000000,0x00000001,damage_entry
0x0000012b,0xff9c09b2,1D340,0x8001d340,0x8002a504,unknown,0x00000000,0x01,0x0000011c,0xa8001248,0x800b8a20,39,0x00000005,0x801a22dc,0x00000001,0x00000050,0x000000a3,0x801ffd58,0x801ffd90,0x00000000,0x00000001,damage_entry
0x0000012c,0xffad41d5,1D340,0x8001d340,0x8002a504,unknown,0x00000000,0x01,0x0000011c,0xa8001248,0x800b8a20,39,0x00000005,0x801a0140,0x00000001,0x000000ff,0x0000009f,0x00000082,0x801ffd90,0x00000000,0x00000001,damage_entry
0x0000012d,0xffbe7e16,1D340,0x8001d340,0x8002a504,unknown,0x00000000,0x01,0x0000011c,0xa8001248,0x800b8a20,39,0x00000004,0x801a0140,0x00000001,0x00000050,0x000000a3,0x801ffd58,0x801ffd90,0x00000000,0x00000001,damage_entry
0x0000012e,0xffbe85ee,1F704,0x8001f704,0x8001f5f0,unknown,0x00000000,0x01,0x0000011c,0xa8001248,0x800b8a20,39,0x00000004,0x801a0140,0x800b8a20,0x00000000,0x800b8a20,0x00000103,0x801ffa38,0x00000005,0x800a5d5c,computed_damage
0x00000130,0xffcfb615,1D340,0x8001d340,0x8002a504,unknown,0x00000000,0x01,0x0000011c,0xa8001248,0x800b8a20,34,0x00000004,0x801a22dc,0x00000001,0x00000046,0x000000f9,0x0000009f,0x801ffd90,0x00000000,0x00000001,damage_entry
0x00000131,0xffe0efdc,1D340,0x8001d340,0x8002a504,unknown,0x00000000,0x01,0x0000011c,0xa8001248,0x800b8a20,34,0x00000005,0x801a0140,0x00000001,0x00000050,0x000000a3,0x801ffd58,0x801ffd90,0x00000000,0x00000001,damage_entry
0x00000132,0xfff2273a,1D340,0x8001d340,0x8002a504,unknown,0x00000000,0x01,0x0000011c,0xa8001248,0x800b8a20,34,0x00000005,0x801a0140,0x00000001,0x000000ff,0x0000009f,0x00000082,0x801ffd90,0x00000000,0x00000001,damage_entry
0x00000133,0x000361c7,1D340,0x8001d340,0x8002a504,unknown,0x00000000,0x01,0x0000011c,0xa8001248,0x800b8a20,34,0x00000005,0x801a22dc,0x00000001,0x00000050,0x000000a3,0x801ffd58,0x801ffd90,0x00000000,0x00000001,damage_entry
0x00000134,0x00149c85,1D340,0x8001d340,0x8002a504,unknown,0x00000000,0x01,0x0000011c,0xa8001248,0x800b8a20,34,0x00000005,0x801a12ec,0x00000001,0x00000046,0x000000f9,0x0000009f,0x801ffd90,0x00000000,0x00000001,damage_entry
0x00000135,0x0025d4bf,1D340,0x8001d340,0x8002a504,unknown,0x00000000,0x01,0x0000011c,0xa8001248,0x800b8a20,34,0x00000005,0x801a22dc,0x00000001,0x00000050,0x000000a3,0x801ffd58,0x801ffd90,0x00000000,0x00000001,damage_entry
0x00000136,0x00370cee,1D340,0x8001d340,0x8002a504,unknown,0x00000000,0x01,0x0000011c,0xa8001248,0x800b8a20,34,0x00000005,0x801a0140,0x00000001,0x000000ff,0x0000009f,0x00000082,0x801ffd90,0x00000000,0x00000001,damage_entry
0x00000137,0x00484afc,1D340,0x8001d340,0x8002a504,unknown,0x00000000,0x01,0x0000011c,0xa8001248,0x800b8a20,34,0x00000005,0x801a0140,0x00000001,0x00000050,0x000000a3,0x801ffd58,0x801ffd90,0x00000000,0x00000001,damage_entry
0x00000139,0x005995f8,1D340,0x8001d340,0x8002a504,unknown,0x00000001,0x01,0x0000011c,0xa8001248,0x800b8a20,34,0x00000005,0x801a0140,0x00000000,0xfdffffff,0x00000000,0x00000101,0x801ffd90,0x00000001,0x00000000,damage_entry
0x00000159,0x0280aabb,1D340,0x8001d340,0x8002a504,unknown,0x00000000,0x01,0x0000011c,0xa8001248,0x800b8a20,34,0x00000005,0x801a22dc,0x00000002,0x800bef90,0x00000000,0x801ffd58,0x801ffd90,0x800b0cd8,0x00000002,damage_entry
0x0000015a,0x0291e238,1D340,0x8001d340,0x8002a504,unknown,0x00000000,0x01,0x0000011c,0xa8001248,0x800b8a20,34,0x00000005,0x801a22dc,0x00000002,0x800bef90,0x00000000,0x801ffd58,0x801ffd90,0x800b0cd8,0x00000002,damage_entry
0x0000015b,0x02a323b1,1D340,0x8001d340,0x8002a504,unknown,0x00000000,0x01,0x0000011c,0xa8001248,0x800b8a20,34,0x00000005,0x801a0140,0x00000002,0x800bef90,0x00000000,0x801ffd58,0x801ffd90,0x800b0cd8,0x00000002,damage_entry
0x0000015c,0x02b45791,1D340,0x8001d340,0x8002a504,unknown,0x00000000,0x01,0x0000011c,0xa8001248,0x800b8a20,34,0x00000005,0x801a22dc,0x00000002,0x800bef90,0x00000000,0x801ffd58,0x801ffd90,0x800b0cd8,0x00000002,damage_entry
0x0000015d,0x02c59f50,1D340,0x8001d340,0x8002a504,unknown,0x00000000,0x01,0x0000011c,0xa8001248,0x800b8a20,34,0x00000005,0x801a22dc,0x00000002,0x800bef90,0x800a2090,0x801ffd58,0x801ffd90,0x800b0cd8,0x00000002,damage_entry
0x0000015e,0x02d6cc8d,1D340,0x8001d340,0x8002a504,unknown,0x00000000,0x01,0x0000011c,0xa8001248,0x800b8a20,34,0x00000005,0x801a12ec,0x00000002,0x800bef90,0x00000000,0x801ffd58,0x801ffd90,0x800b0cd8,0x00000002,damage_entry
0x0000015f,0x02e806a3,1D340,0x8001d340,0x8002a504,unknown,0x00000000,0x01,0x0000011c,0xa8001248,0x800b8a20,34,0x00000005,0x801a22dc,0x00000002,0x800bef90,0x00000000,0x801ffd58,0x801ffd90,0x800b0cd8,0x00000002,damage_entry
0x00000160,0x02f94017,1D340,0x8001d340,0x8002a504,unknown,0x00000000,0x01,0x0000011c,0xa8001248,0x800b8a20,34,0x00000005,0x801a22dc,0x00000002,0x800bef90,0x00000000,0x801ffd58,0x801ffd90,0x800b0cd8,0x00000002,damage_entry
0x00000161,0x030a795c,1D340,0x8001d340,0x8002a504,unknown,0x00000000,0x01,0x0000011c,0xa8001248,0x800b8a20,34,0x00000005,0x801a22dc,0x00000002,0x800bef90,0x00000000,0x801ffd58,0x801ffd90,0x800b0cd8,0x00000002,damage_entry
0x00000162,0x031bb307,1D340,0x8001d340,0x8002a504,unknown,0x00000000,0x01,0x0000011c,0xa8001248,0x800b8a20,34,0x00000005,0x801a22dc,0x00000002,0x800bef90,0x00000000,0x801ffd58,0x801ffd90,0x800b0cd8,0x00000002,damage_entry
0x00000163,0x032cec5b,1D340,0x8001d340,0x8002a504,unknown,0x00000000,0x01,0x0000011c,0xa8001248,0x800b8a20,34,0x00000005,0x801a22dc,0x00000002,0x800bef90,0x00000000,0x801ffd58,0x801ffd90,0x800b0cd8,0x00000002,damage_entry
0x00000164,0x033e2929,1D340,0x8001d340,0x8002a504,unknown,0x00000000,0x01,0x0000011c,0xa8001248,0x800b8a20,34,0x00000005,0x801a22dc,0x00000002,0x800bef90,0x00000001,0x00000000,0x801ffd90,0x800b0cd8,0x00000002,damage_entry
0x00000165,0x034f6017,1D340,0x8001d340,0x8002a504,unknown,0x00000000,0x01,0x0000011c,0xa8001248,0x800b8a20,34,0x00000005,0x801a22dc,0x00000002,0x800bef90,0x00000001,0x00000000,0x801ffd90,0x800b0cd8,0x00000002,damage_entry
0x00000166,0x03609a83,1D340,0x8001d340,0x8002a504,unknown,0x00000000,0x01,0x0000011c,0xa8001248,0x800b8a20,34,0x00000005,0x801a22dc,0x00000002,0x800bef90,0x00000001,0x00000000,0x801ffd90,0x800b0cd8,0x00000002,damage_entry
0x00000167,0x03721320,1D340,0x8001d340,0x8002a504,unknown,0x00000000,0x01,0x0000011c,0xa8001248,0x800b8a20,34,0x00000005,0x801a22dc,0x00000002,0x800bef90,0x00000001,0x00000000,0x801ffd90,0x800b0cd8,0x00000002,damage_entry
0x00000168,0x03834d57,1D340,0x8001d340,0x8002a504,unknown,0x00000000,0x01,0x0000011c,0xa8001248,0x800b8a20,34,0x00000005,0x801a12ec,0x00000002,0x800bef90,0x00000001,0x00000000,0x801ffd90,0x800b0cd8,0x00000002,damage_entry
0x00000169,0x03946d7f,OP2A,0x80017a50,0x80017248,unknown,0x00000000,0x01,0x0000011c,0xa8001248,0x800b8a20,34,0x00000005,0x801a3494,0x801ffed0,0x00000002,0x00000002,0x801a348c,0x801ffec0,0x801ffed0,0x80010690,scratch_bit_op
0x0000016a,0x03949096,1D340,0x8001d340,0x8002a504,unknown,0x00000000,0x01,0x0000011c,0xa8001248,0x800b8a20,34,0x00000005,0x801a22dc,0x00000002,0x800bef90,0x00000001,0x00000000,0x801ffd90,0x800b0cd8,0x00000002,damage_entry
0x0000016b,0x03a58e92,1D340,0x8001d340,0x8002a504,unknown,0x00000000,0x01,0x0000011c,0xa8001248,0x800b8a20,34,0x00000005,0x801a22dc,0x00000002,0x800bef90,0x00000001,0x00000000,0x801ffd90,0x800b0cd8,0x00000002,damage_entry
0x0000016c,0x03b6c9f7,1D340,0x8001d340,0x8002a504,unknown,0x00000000,0x01,0x0000011c,0xa8001248,0x800b8a20,34,0x00000005,0x801a22dc,0x00000002,0x800bef90,0x00000001,0x00000000,0x801ffd90,0x800b0cd8,0x00000002,damage_entry
0x0000016d,0x03c8032e,1D340,0x8001d340,0x8002a504,unknown,0x00000000,0x01,0x0000011c,0xa8001248,0x800b8a20,34,0x00000005,0x801a22dc,0x00000002,0x800bef90,0x00000001,0x00000000,0x801ffd90,0x800b0cd8,0x00000002,damage_entry
0x0000016e,0x03d901b3,OP2A,0x80017a50,0x80017248,unknown,0x00000000,0x01,0x0000011c,0xa8001248,0x800b8a20,34,0x00000005,0x801a3494,0x801ffed0,0x00000002,0x00000002,0x801a348c,0x801ffec0,0x801ffed0,0x80010690,scratch_bit_op
0x0000016f,0x03d93ea0,1D340,0x8001d340,0x8002a504,unknown,0x00000000,0x01,0x0000011c,0xa8001248,0x800b8a20,34,0x00000005,0x801a22dc,0x00000002,0x800bef90,0x00000001,0x00000000,0x801ffd90,0x800b0cd8,0x00000002,damage_entry
0x00000170,0x03ea38ca,1D340,0x8001d340,0x8002a504,unknown,0x00000000,0x01,0x0000011c,0xa8001248,0x800b8a20,34,0x00000005,0x801a22dc,0x00000002,0x800bef90,0x00000001,0x00000000,0x801ffd90,0x800b0cd8,0x00000002,damage_entry
0x00000171,0x03fb7221,1D340,0x8001d340,0x8002a504,unknown,0x00000000,0x01,0x0000011c,0xa8001248,0x800b8a20,34,0x00000005,0x801a22dc,0x00000002,0x800bef90,0x00000001,0x00000000,0x801ffd90,0x800b0cd8,0x00000002,damage_entry
0x00000172,0x040cab8b,1D340,0x8001d340,0x8002a504,unknown,0x00000000,0x01,0x0000011c,0xa8001248,0x800b8a20,34,0x00000005,0x801a22dc,0x00000002,0x800bef90,0x00000001,0x00000000,0x801ffd90,0x800b0cd8,0x00000002,damage_entry
0x00000173,0x041de4d2,1D340,0x8001d340,0x8002a504,unknown,0x00000000,0x01,0x0000011c,0xa8001248,0x800b8a20,34,0x00000005,0x801a22dc,0x00000002,0x800bef90,0x00000001,0x00000000,0x801ffd90,0x800b0cd8,0x00000002,damage_entry
0x00000174,0x042f328c,1D340,0x8001d340,0x8002a504,unknown,0x00000000,0x01,0x0000011c,0xa8001248,0x800b8a20,34,0x00000005,0x801a12ec,0x00000002,0x800b0cb0,0x800b8a20,0x0000003d,0x801ffd90,0x800b0cd8,0x00000002,damage_entry
0x00000175,0x0440562f,1D340,0x8001d340,0x8002a504,unknown,0x00000000,0x01,0x0000011c,0xa8001248,0x800b8a20,34,0x00000005,0x801a22dc,0x00000002,0xfffc7fff,0x800a5d5c,0x000019f8,0x801ffd90,0x800b0cd8,0x00000002,damage_entry
0x00000176,0x04517bda,1D340,0x8001d340,0x8002a504,unknown,0x00000000,0x01,0x0000011c,0xa8001248,0x800b8a20,34,0x00000005,0x801a22dc,0x00000002,0x01b30000,0x800bef90,0x00000000,0x801ffd90,0x800b0cd8,0x00000002,damage_entry
0x00000177,0x0462b52a,1D340,0x8001d340,0x8002a504,unknown,0x00000000,0x01,0x0000011c,0xa8001248,0x800b8a20,34,0x00000005,0x801a22dc,0x00000002,0x01eb0000,0x800bef90,0x00000000,0x801ffd90,0x800b0cd8,0x00000002,damage_entry
0x00000178,0x0473ee8e,1D340,0x8001d340,0x8002a504,unknown,0x00000000,0x01,0x0000011c,0xa8001248,0x800b8a20,34,0x00000005,0x801a22dc,0x00000002,0x02100000,0x800bef90,0x00000000,0x801ffd90,0x800b0cd8,0x00000002,damage_entry
0x00000179,0x048527de,1D340,0x8001d340,0x8002a504,unknown,0x00000000,0x01,0x0000011c,0xa8001248,0x800b8a20,34,0x00000005,0x801a22dc,0x00000002,0x021b0000,0x800bef90,0x00000000,0x801ffd90,0x800b0cd8,0x00000002,damage_entry
0x0000017a,0x04966171,1D340,0x8001d340,0x8002a504,unknown,0x00000000,0x01,0x0000011c,0xa8001248,0x800b8a20,34,0x00000005,0x801a22dc,0x00000002,0x021d0000,0x800bef90,0x00000000,0x801ffd90,0x800b0cd8,0x00000002,damage_entry
0x0000017b,0x04a79ade,1D340,0x8001d340,0x8002a504,unknown,0x00000000,0x01,0x0000011c,0xa8001248,0x800b8a20,34,0x00000005,0x801a22dc,0x00000002,0x021a0000,0x800bef90,0x00000000,0x801ffd90,0x800b0cd8,0x00000002,damage_entry
0x0000017c,0x04b8d4a8,1D340,0x8001d340,0x8002a504,unknown,0x00000000,0x01,0x0000011c,0xa8001248,0x800b8a20,34,0x00000005,0x801a22dc,0x00000002,0x02120000,0x800bef90,0x00000000,0x801ffd90,0x800b0cd8,0x00000002,damage_entry
0x0000017d,0x04ca058c,OP2A,0x80017a50,0x80017248,unknown,0x00000000,0x01,0x0000011c,0xa8001248,0x800b8a20,34,0x00000005,0x801a27a4,0x801ffed0,0x00000002,0x00000002,0x801a279c,0x801ffec0,0x801ffed0,0x80010690,scratch_bit_op
0x0000017e,0x04ca23df,1D340,0x8001d340,0x8002a504,unknown,0x00000000,0x01,0x0000011c,0xa8001248,0x800b8a20,34,0x00000005,0x801a22dc,0x00000002,0x02110000,0x800bef90,0x00000000,0x801ffd90,0x800b0cd8,0x00000002,damage_entry
0x0000017f,0x04db2c68,OP2A,0x80017a50,0x80017248,unknown,0x00000000,0x01,0x0000011c,0xa8001248,0x800b8a20,34,0x00000005,0x801a36f4,0x801ffed0,0x00000002,0x00000002,0x801a36ec,0x801ffec0,0x801ffed0,0x80010690,scratch_bit_op
0x00000180,0x04db5417,1D340,0x8001d340,0x8002a504,unknown,0x00000000,0x01,0x0000011c,0xa8001248,0x800b8a20,34,0x00000005,0x801a12ec,0x00000002,0x800b8628,0x0000007f,0x0000003d,0x801ffd90,0x800b0cd8,0x00000002,damage_entry
0x00000181,0x04ec7857,1D340,0x8001d340,0x8002a504,unknown,0x00000000,0x01,0x0000011c,0xa8001248,0x800b8a20,34,0x00000005,0x801a22dc,0x00000002,0x800bef90,0x00000000,0x801ffd58,0x801ffd90,0x800b0cd8,0x00000002,damage_entry
0x00000182,0x04fdb1ea,1D340,0x8001d340,0x8002a504,unknown,0x00000000,0x01,0x0000011c,0xa8001248,0x800b8a20,34,0x00000005,0x801a22dc,0x00000002,0x800bef90,0x00000000,0x801ffd58,0x801ffd90,0x800b0cd8,0x00000002,damage_entry
0x00000183,0x050eeb3f,1D340,0x8001d340,0x8002a504,unknown,0x00000000,0x01,0x0000011c,0xa8001248,0x800b8a20,34,0x00000005,0x801a22dc,0x00000002,0x800bef90,0x00000000,0x801ffd58,0x801ffd90,0x800b0cd8,0x00000002,damage_entry
0x00000184,0x0520253f,1D340,0x8001d340,0x8002a504,unknown,0x00000000,0x01,0x0000011c,0xa8001248,0x800b8a20,34,0x00000005,0x801a22dc,0x00000002,0x800bef90,0x00000000,0x801ffd58,0x801ffd90,0x800b0cd8,0x00000002,damage_entry
0x00000185,0x05315ea4,1D340,0x8001d340,0x8002a504,unknown,0x00000000,0x01,0x0000011c,0xa8001248,0x800b8a20,34,0x00000005,0x801a22dc,0x00000002,0x800bef90,0x00000000,0x801ffd58,0x801ffd90,0x800b0cd8,0x00000002,damage_entry
0x00000186,0x05429806,1D340,0x8001d340,0x8002a504,unknown,0x00000000,0x01,0x0000011c,0xa8001248,0x800b8a20,34,0x00000005,0x801a22dc,0x00000002,0x800bef90,0x00000000,0x801ffd58,0x801ffd90,0x800b0cd8,0x00000002,damage_entry
0x00000187,0x0553d156,1D340,0x8001d340,0x8002a504,unknown,0x00000000,0x01,0x0000011c,0xa8001248,0x800b8a20,34,0x00000005,0x801a22dc,0x00000002,0x800bef90,0x00000000,0x801ffd58,0x801ffd90,0x800b0cd8,0x00000002,damage_entry
0x00000188,0x05650aa8,1D340,0x8001d340,0x8002a504,unknown,0x00000000,0x01,0x0000011c,0xa8001248,0x800b8a20,34,0x00000005,0x801a22dc,0x00000002,0x800bef90,0x00000000,0x801ffd58,0x801ffd90,0x800b0cd8,0x00000002,damage_entry
0x00000189,0x05764477,1D340,0x8001d340,0x8002a504,unknown,0x00000000,0x01,0x0000011c,0xa8001248,0x800b8a20,34,0x00000005,0x801a22dc,0x00000002,0x800bef90,0x800a2090,0x801ffd58,0x801ffd90,0x800b0cd8,0x00000002,damage_entry
0x0000018a,0x05877eac,1D340,0x8001d340,0x8002a504,unknown,0x00000000,0x01,0x0000011c,0xa8001248,0x800b8a20,34,0x00000005,0x801a12ec,0x00000002,0x800bef90,0x00000000,0x801ffd58,0x801ffd90,0x800b0cd8,0x00000002,damage_entry
0x0000018b,0x0598b6e5,1D340,0x8001d340,0x8002a504,unknown,0x00000000,0x01,0x0000011c,0xa8001248,0x800b8a20,34,0x00000005,0x801a22dc,0x00000002,0x800bef90,0x00000000,0x801ffd58,0x801ffd90,0x800b0cd8,0x00000002,damage_entry
0x0000018c,0x05aa0053,1D340,0x8001d340,0x8002a504,unknown,0x00000000,0x01,0x0000011c,0xa8001248,0x800b8a20,34,0x00000005,0x801a22dc,0x00000002,0x800bef90,0x00000000,0x801ffd58,0x801ffd90,0x800b0cd8,0x00000002,damage_entry
0x0000018d,0x05bb39f3,1D340,0x8001d340,0x8002a504,unknown,0x00000000,0x01,0x0000011c,0xa8001248,0x800b8a20,34,0x00000005,0x801a22dc,0x00000002,0x800bef90,0x800a2090,0x801ffd58,0x801ffd90,0x800b0cd8,0x00000002,damage_entry
0x0000018e,0x05cc7302,1D340,0x8001d340,0x8002a504,unknown,0x00000000,0x01,0x0000011c,0xa8001248,0x800b8a20,34,0x00000005,0x801a22dc,0x00000002,0x800bef90,0x00000000,0x801ffd58,0x801ffd90,0x800b0cd8,0x00000002,damage_entry
0x0000018f,0x05ddac3e,1D340,0x8001d340,0x8002a504,unknown,0x00000000,0x01,0x0000011c,0xa8001248,0x800b8a20,34,0x00000005,0x801a22dc,0x00000002,0x800bef90,0x00000000,0x801ffd58,0x801ffd90,0x800b0cd8,0x00000002,damage_entry
0x00000190,0x05eee5bc,1D340,0x8001d340,0x8002a504,unknown,0x00000000,0x01,0x0000011c,0xa8001248,0x800b8a20,34,0x00000005,0x801a22dc,0x00000002,0x800bef90,0x00000000,0x801ffd58,0x801ffd90,0x800b0cd8,0x00000002,damage_entry
0x00000191,0x06001f23,1D340,0x8001d340,0x8002a504,unknown,0x00000000,0x01,0x0000011c,0xa8001248,0x800b8a20,34,0x00000005,0x801a22dc,0x00000002,0x800bef90,0x00000000,0x801ffd58,0x801ffd90,0x800b0cd8,0x00000002,damage_entry
0x00000192,0x0611588a,1D340,0x8001d340,0x8002a504,unknown,0x00000000,0x01,0x0000011c,0xa8001248,0x800b8a20,34,0x00000005,0x801a22dc,0x00000002,0x800bef90,0x00000000,0x801ffd58,0x801ffd90,0x800b0cd8,0x00000002,damage_entry
0x00000193,0x062291d8,1D340,0x8001d340,0x8002a504,unknown,0x00000000,0x01,0x0000011c,0xa8001248,0x800b8a20,34,0x00000005,0x801a22dc,0x00000002,0x800bef90,0x00000000,0x801ffd58,0x801ffd90,0x800b0cd8,0x00000002,damage_entry
0x00000194,0x0633cef6,1D340,0x8001d340,0x8002a504,unknown,0x00000000,0x01,0x0000011c,0xa8001248,0x800b8a20,34,0x00000005,0x801a12ec,0x00000002,0x800bef90,0x00000000,0x801ffd58,0x801ffd90,0x800b0cd8,0x00000002,damage_entry
0x00000195,0x064503e5,1D340,0x8001d340,0x8002a504,unknown,0x00000000,0x01,0x0000011c,0xa8001248,0x800b8a20,34,0x00000005,0x801a22dc,0x00000002,0x800bef90,0x00000000,0x801ffd58,0x801ffd90,0x800b0cd8,0x00000002,damage_entry
0x00000196,0x06563d6d,1D340,0x8001d340,0x8002a504,unknown,0x00000000,0x01,0x0000011c,0xa8001248,0x800b8a20,34,0x00000005,0x801a22dc,0x00000002,0x800bef90,0x00000000,0x801ffd58,0x801ffd90,0x800b0cd8,0x00000002,damage_entry
0x00000197,0x066776d0,1D340,0x8001d340,0x8002a504,unknown,0x00000000,0x01,0x0000011c,0xa8001248,0x800b8a20,34,0x00000005,0x801a22dc,0x00000002,0x800bef90,0x00000000,0x801ffd58,0x801ffd90,0x800b0cd8,0x00000002,damage_entry
0x00000198,0x0678aff7,1D340,0x8001d340,0x8002a504,unknown,0x00000000,0x01,0x0000011c,0xa8001248,0x800b8a20,34,0x00000005,0x801a22dc,0x00000002,0x800bef90,0x00000000,0x801ffd58,0x801ffd90,0x800b0cd8,0x00000002,damage_entry
0x00000199,0x0689e95b,1D340,0x8001d340,0x8002a504,unknown,0x00000000,0x01,0x0000011c,0xa8001248,0x800b8a20,34,0x00000005,0x801a22dc,0x00000002,0x800bef90,0x00000000,0x801ffd58,0x801ffd90,0x800b0cd8,0x00000002,damage_entry
0x0000019a,0x069b22da,1D340,0x8001d340,0x8002a504,unknown,0x00000000,0x01,0x0000011c,0xa8001248,0x800b8a20,34,0x00000005,0x801a22dc,0x00000002,0x800bef90,0x00000000,0x801ffd58,0x801ffd90,0x800b0cd8,0x00000002,damage_entry
0x0000019b,0x06ac5c33,1D340,0x8001d340,0x8002a504,unknown,0x00000000,0x01,0x0000011c,0xa8001248,0x800b8a20,34,0x00000005,0x801a22dc,0x00000002,0x800bef90,0x00000000,0x801ffd58,0x801ffd90,0x800b0cd8,0x00000002,damage_entry
0x0000019c,0x06bd9592,1D340,0x8001d340,0x8002a504,unknown,0x00000000,0x01,0x0000011c,0xa8001248,0x800b8a20,34,0x00000005,0x801a22dc,0x00000002,0x800bef90,0x00000000,0x801ffd58,0x801ffd90,0x800b0cd8,0x00000002,damage_entry
0x0000019d,0x06cecef4,1D340,0x8001d340,0x8002a504,unknown,0x00000000,0x01,0x0000011c,0xa8001248,0x800b8a20,34,0x00000005,0x801a22dc,0x00000002,0x800bef90,0x00000000,0x801ffd58,0x801ffd90,0x800b0cd8,0x00000002,damage_entry
0x0000019e,0x06e00978,1D340,0x8001d340,0x8002a504,unknown,0x00000000,0x01,0x0000011c,0xa8001248,0x800b8a20,34,0x00000005,0x801a12ec,0x00000002,0x800bef90,0x00000000,0x801ffd58,0x801ffd90,0x800b0cd8,0x00000002,damage_entry
0x0000019f,0x06f14175,1D340,0x8001d340,0x8002a504,unknown,0x00000000,0x01,0x0000011c,0xa8001248,0x800b8a20,34,0x00000005,0x801a22dc,0x00000002,0x800bef90,0x00000000,0x801ffd58,0x801ffd90,0x800b0cd8,0x00000002,damage_entry
0x000001a0,0x07027add,1D340,0x8001d340,0x8002a504,unknown,0x00000000,0x01,0x0000011c,0xa8001248,0x800b8a20,34,0x00000005,0x801a22dc,0x00000002,0x800bef90,0x00000000,0x801ffd58,0x801ffd90,0x800b0cd8,0x00000002,damage_entry
0x000001a1,0x0713b443,1D340,0x8001d340,0x8002a504,unknown,0x00000000,0x01,0x0000011c,0xa8001248,0x800b8a20,34,0x00000005,0x801a22dc,0x00000002,0x800bef90,0x00000000,0x801ffd58,0x801ffd90,0x800b0cd8,0x00000002,damage_entry
0x000001a2,0x07250546,1D340,0x8001d340,0x8002a504,unknown,0x00000000,0x01,0x0000011c,0xa8001248,0x800b8a20,34,0x00000005,0x801a22dc,0x00000002,0x800bef90,0x00000000,0x801ffd58,0x801ffd90,0x800b0cd8,0x00000002,damage_entry
0x000001a3,0x0736293d,1D340,0x8001d340,0x8002a504,unknown,0x00000000,0x01,0x0000011c,0xa8001248,0x800b8a20,34,0x00000005,0x801a22dc,0x00000002,0x00000008,0x00000000,0x00000001,0x801ffd90,0x800b0cd8,0x00000002,damage_entry
0x000001a4,0x0747623e,1D340,0x8001d340,0x8002a504,unknown,0x00000000,0x01,0x0000011c,0xa8001248,0x800b8a20,34,0x00000005,0x801a22dc,0x00000002,0x800bef90,0x00000001,0x00000000,0x801ffd90,0x800b0cd8,0x00000002,damage_entry
0x000001a5,0x0758c0ab,1D340,0x8001d340,0x8002a504,unknown,0x00000000,0x01,0x0000011c,0xa8001248,0x800b8a20,34,0x00000005,0x801a22dc,0x00000002,0x800bef90,0x00000001,0x00000000,0x801ffd90,0x800b0cd8,0x00000002,damage_entry
0x000001a6,0x076a186b,1D340,0x8001d340,0x8002a504,unknown,0x00000000,0x01,0x0000011c,0xa8001248,0x800b8a20,34,0x00000005,0x801a22dc,0x00000002,0x800bef90,0x00000001,0x00000000,0x801ffd90,0x800b0cd8,0x00000002,damage_entry
0x000001a7,0x077b40e7,1D340,0x8001d340,0x8002a504,unknown,0x00000000,0x01,0x0000011c,0xa8001248,0x800b8a20,34,0x00000005,0x801a22dc,0x00000002,0x800bef90,0x00000001,0x00000000,0x801ffd90,0x800b0cd8,0x00000002,damage_entry
0x000001a8,0x078c773d,1D340,0x8001d340,0x8002a504,unknown,0x00000000,0x01,0x0000011c,0xa8001248,0x800b8a20,34,0x00000005,0x801a12ec,0x00000002,0x800bef90,0x00000001,0x00000000,0x801ffd90,0x800b0cd8,0x00000002,damage_entry
0x000001a9,0x079db15e,1D340,0x8001d340,0x8002a504,unknown,0x00000000,0x01,0x0000011c,0xa8001248,0x800b8a20,34,0x00000005,0x801a22dc,0x00000002,0x800bef90,0x00000001,0x00000000,0x801ffd90,0x800b0cd8,0x00000002,damage_entry
0x000001aa,0x07aeeb26,1D340,0x8001d340,0x8002a504,unknown,0x00000000,0x01,0x0000011c,0xa8001248,0x800b8a20,34,0x00000005,0x801a22dc,0x00000002,0x800bef90,0x00000001,0x00000000,0x801ffd90,0x800b0cd8,0x00000002,damage_entry
0x000001ab,0x07c0265f,1D340,0x8001d340,0x8002a504,unknown,0x00000000,0x01,0x0000011c,0xa8001248,0x800b8a20,34,0x00000005,0x801a22dc,0x00000002,0x800bef90,0x00000001,0x00000000,0x801ffd90,0x800b0cd8,0x00000002,damage_entry
0x000001ac,0x07d15da4,1D340,0x8001d340,0x8002a504,unknown,0x00000000,0x01,0x0000011c,0xa8001248,0x800b8a20,34,0x00000005,0x801a22dc,0x00000002,0x800bef90,0x00000001,0x00000000,0x801ffd90,0x800b0cd8,0x00000002,damage_entry
0x000001ad,0x07e29b4d,1D340,0x8001d340,0x8002a504,unknown,0x00000000,0x01,0x0000011c,0xa8001248,0x800b8a20,34,0x00000005,0x801a22dc,0x00000002,0x800bef90,0x00000001,0x00000000,0x801ffd90,0x800b0cd8,0x00000002,damage_entry
0x000001ae,0x07f3c503,1D340,0x8001d340,0x8002a504,unknown,0x00000000,0x01,0x0000011c,0xa8001248,0x800b8a20,34,0x00000005,0x801a22dc,0x00000002,0x800bef90,0x00000001,0x00000000,0x801ffd90,0x800b0cd8,0x00000002,damage_entry
0x000001af,0x08050c35,1D340,0x8001d340,0x8002a504,unknown,0x00000000,0x01,0x0000011c,0xa8001248,0x800b8a20,34,0x00000005,0x801a22dc,0x00000002,0x800bef90,0x00000001,0x00000000,0x801ffd90,0x800b0cd8,0x00000002,damage_entry
0x000001b0,0x0816453d,1D340,0x8001d340,0x8002a504,unknown,0x00000000,0x01,0x0000011c,0xa8001248,0x800b8a20,34,0x00000005,0x801a22dc,0x00000002,0x800bef90,0x00000001,0x00000000,0x801ffd90,0x800b0cd8,0x00000002,damage_entry
0x000001b1,0x08277aab,1D340,0x8001d340,0x8002a504,unknown,0x00000000,0x01,0x0000011c,0xa8001248,0x800b8a20,34,0x00000005,0x801a22dc,0x00000002,0x800b0cb0,0x800b8a20,0x0000003d,0x801ffd90,0x800b0cd8,0x00000002,damage_entry
0x000001b2,0x0838b8a1,1D340,0x8001d340,0x8002a504,unknown,0x00000000,0x01,0x0000011c,0xa8001248,0x800b8a20,34,0x00000005,0x801a12ec,0x00000002,0xfffc7fff,0x800a5d5c,0x0000100f,0x801ffd90,0x800b0cd8,0x00000002,damage_entry
0x000001b3,0x0849e1c1,1D340,0x8001d340,0x8002a504,unknown,0x00000000,0x01,0x0000011c,0xa8001248,0x800b8a20,34,0x00000005,0x801a22dc,0x00000002,0x01b30000,0x800bef90,0x00000000,0x801ffd90,0x800b0cd8,0x00000002,damage_entry
0x000001b4,0x085b177a,1D340,0x8001d340,0x8002a504,unknown,0x00000000,0x01,0x0000011c,0xa8001248,0x800b8a20,34,0x00000005,0x801a22dc,0x00000002,0x01eb0000,0x800bef90,0x00000000,0x801ffd90,0x800b0cd8,0x00000002,damage_entry
0x000001b5,0x086c5d0a,1D340,0x8001d340,0x8002a504,unknown,0x00000000,0x01,0x0000011c,0xa8001248,0x800b8a20,34,0x00000005,0x801a22dc,0x00000002,0x02100000,0x800bef90,0x00000000,0x801ffd90,0x800b0cd8,0x00000002,damage_entry
0x000001b6,0x087da1be,1D340,0x8001d340,0x8002a504,unknown,0x00000000,0x01,0x0000011c,0xa8001248,0x800b8a20,34,0x00000005,0x801a22dc,0x00000002,0x021b0000,0x800bef90,0x00000000,0x801ffd90,0x800b0cd8,0x00000002,damage_entry
0x000001b7,0x088ecb42,1D340,0x8001d340,0x8002a504,unknown,0x00000000,0x01,0x0000011c,0xa8001248,0x800b8a20,34,0x00000005,0x801a22dc,0x00000002,0x021d0000,0x800bef90,0x00000000,0x801ffd90,0x800b0cd8,0x00000002,damage_entry
0x000001b8,0x089ffa3d,1D340,0x8001d340,0x8002a504,unknown,0x00000000,0x01,0x0000011c,0xa8001248,0x800b8a20,34,0x00000005,0x801a22dc,0x00000002,0x021a0000,0x800bef90,0x00000000,0x801ffd90,0x800b0cd8,0x00000002,damage_entry
0x000001b9,0x08b13ee7,1D340,0x8001d340,0x8002a504,unknown,0x00000000,0x01,0x0000011c,0xa8001248,0x800b8a20,34,0x00000005,0x801a22dc,0x00000002,0x02120000,0x800bef90,0x00000000,0x801ffd90,0x800b0cd8,0x00000002,damage_entry
0x000001ba,0x08c27de9,1D340,0x8001d340,0x8002a504,unknown,0x00000000,0x01,0x0000011c,0xa8001248,0x800b8a20,34,0x00000005,0x801a22dc,0x00000002,0x02110000,0x800bef90,0x00000000,0x801ffd90,0x800b0cd8,0x00000002,damage_entry
0x000001bb,0x08d3a99f,1D340,0x8001d340,0x8002a504,unknown,0x00000000,0x01,0x0000011c,0xa8001248,0x800b8a20,34,0x00000005,0x801a22dc,0x00000002,0x00000000,0x80186bb8,0x00000002,0x801ffd90,0x800b0cd8,0x00000002,damage_entry
0x000001bc,0x08e4ecc7,1D340,0x8001d340,0x8002a504,unknown,0x00000000,0x01,0x0000011c,0xa8001248,0x800b8a20,34,0x00000005,0x801a12ec,0x00000002,0x00000000,0x00000000,0x801ffd58,0x801ffd90,0x800b0cd8,0x00000002,damage_entry
0x000001bd,0x08f61552,1D340,0x8001d340,0x8002a504,unknown,0x00000000,0x01,0x0000011c,0xa8001248,0x800b8a20,34,0x00000005,0x801a22dc,0x00000001,0x00000000,0x00000000,0x801ffd58,0x801ffd90,0x800b0cd8,0x00000001,damage_entry
0x000001be,0x09076d40,1D340,0x8001d340,0x8002a504,unknown,0x00000000,0x01,0x0000011c,0xa8001248,0x800b8a20,34,0x00000004,0x801a22dc,0x00000001,0x00000000,0x8007136c,0x801ffd58,0x801ffd90,0x800b0cd8,0x00000001,damage_entry
0x000001bf,0x09189c99,1D340,0x8001d340,0x8002a504,unknown,0x00000000,0x01,0x0000011c,0xa8001248,0x800b8a20,34,0x00000004,0x801a22dc,0x00000001,0x00000000,0x8007136c,0x801ffd58,0x801ffd90,0x800b0cd8,0x00000001,damage_entry
0x000001c0,0x0929c909,1D340,0x8001d340,0x8002a504,unknown,0x00000000,0x01,0x0000011c,0xa8001248,0x800b8a20,34,0x00000004,0x801a22dc,0x00000001,0x00000000,0x8007136c,0x801ffd58,0x801ffd90,0x800b0cd8,0x00000001,damage_entry
0x000001c1,0x093b0aab,1D340,0x8001d340,0x8002a504,unknown,0x00000000,0x01,0x0000011c,0xa8001248,0x800b8a20,34,0x00000004,0x801a22dc,0x00000001,0x00000000,0x8007136c,0x801ffd58,0x801ffd90,0x800b0cd8,0x00000001,damage_entry
0x000001c2,0x094c4acd,1D340,0x8001d340,0x8002a504,unknown,0x00000000,0x01,0x0000011c,0xa8001248,0x800b8a20,34,0x00000004,0x801a22dc,0x00000001,0x00000000,0x8007136c,0x801ffd58,0x801ffd90,0x800b0cd8,0x00000001,damage_entry
0x000001c3,0x095d8938,1D340,0x8001d340,0x8002a504,unknown,0x00000000,0x01,0x0000011c,0xa8001248,0x800b8a20,34,0x00000004,0x801a22dc,0x00000001,0x00000000,0x8007136c,0x801ffd58,0x801ffd90,0x800b0cd8,0x00000001,damage_entry
0x000001c4,0x096ec33f,1D340,0x8001d340,0x8002a504,unknown,0x00000000,0x01,0x0000011c,0xa8001248,0x800b8a20,34,0x00000004,0x801a22dc,0x00000001,0x00000000,0x8007136c,0x801ffd58,0x801ffd90,0x800b0cd8,0x00000001,damage_entry
0x000001c5,0x097fe9e0,1D340,0x8001d340,0x8002a504,unknown,0x00000000,0x01,0x0000011c,0xa8001248,0x800b8a20,34,0x00000004,0x801a22dc,0x00000001,0x00000000,0x8007136c,0x801ffd58,0x801ffd90,0x800b0cd8,0x00000001,damage_entry
0x000001c6,0x09912039,1D340,0x8001d340,0x8002a504,unknown,0x00000000,0x01,0x0000011c,0xa8001248,0x800b8a20,34,0x00000004,0x801a12ec,0x00000001,0x00000000,0x8007136c,0x801ffd58,0x801ffd90,0x800b0cd8,0x00000001,damage_entry
0x000001c7,0x099124d5,1F704,0x8001f704,0x8001f5f0,unknown,0x00000000,0x01,0x0000011c,0xa8001248,0x800b8a20,34,0x00000004,0x801a12ec,0x800b8a20,0x00000000,0x800b8a20,0x00000184,0x801ffa38,0x00000003,0x800a5f14,computed_damage
0x000001c9,0x09a26814,1D340,0x8001d340,0x8002a504,unknown,0x00000000,0x01,0x0000011c,0xa8001248,0x800b8a20,31,0x00000004,0x801a22dc,0x00000001,0x00000000,0x801fff48,0x801ffd58,0x801ffd90,0x800b0cd8,0x00000001,damage_entry
0x000001ca,0x09b39115,1D340,0x8001d340,0x8002a504,unknown,0x00000000,0x01,0x0000011c,0xa8001248,0x800b8a20,31,0x00000005,0x801a22dc,0x00000001,0x00000000,0x00000000,0x801ffd58,0x801ffd90,0x800b0cd8,0x00000001,damage_entry
0x000001cb,0x09c4e397,1D340,0x8001d340,0x8002a504,unknown,0x00000000,0x01,0x0000011c,0xa8001248,0x800b8a20,31,0x00000005,0x801a22dc,0x00000001,0x00000000,0x00000000,0x801ffd58,0x801ffd90,0x800b0cd8,0x00000001,damage_entry
0x000001cc,0x09d60b71,1D340,0x8001d340,0x8002a504,unknown,0x00000000,0x01,0x0000011c,0xa8001248,0x800b8a20,31,0x00000005,0x801a22dc,0x00000001,0x00000000,0x00000000,0x801ffd58,0x801ffd90,0x800b0cd8,0x00000001,damage_entry
0x000001cd,0x09e741c1,1D340,0x8001d340,0x8002a504,unknown,0x00000000,0x01,0x0000011c,0xa8001248,0x800b8a20,31,0x00000005,0x801a22dc,0x00000001,0x00000000,0x00000000,0x801ffd58,0x801ffd90,0x800b0cd8,0x00000001,damage_entry
0x000001ce,0x09f889e6,1D340,0x8001d340,0x8002a504,unknown,0x00000000,0x01,0x0000011c,0xa8001248,0x800b8a20,31,0x00000005,0x801a22dc,0x00000001,0x00000000,0x00000000,0x801ffd58,0x801ffd90,0x800b0cd8,0x00000001,damage_entry
0x000001cf,0x0a09c243,1D340,0x8001d340,0x8002a504,unknown,0x00000000,0x01,0x0000011c,0xa8001248,0x800b8a20,31,0x00000005,0x801a22dc,0x00000001,0x00000000,0x00000000,0x801ffd58,0x801ffd90,0x800b0cd8,0x00000001,damage_entry
0x000001d0,0x0a1af190,1D340,0x8001d340,0x8002a504,unknown,0x00000000,0x01,0x0000011c,0xa8001248,0x800b8a20,31,0x00000005,0x801a22dc,0x00000001,0x00000000,0x00000000,0x801ffd58,0x801ffd90,0x800b0cd8,0x00000001,damage_entry
0x000001d1,0x0a2c3d6a,1D340,0x8001d340,0x8002a504,unknown,0x00000000,0x01,0x0000011c,0xa8001248,0x800b8a20,31,0x00000005,0x801a22dc,0x00000001,0x00000000,0x00000000,0x801ffd58,0x801ffd90,0x800b0cd8,0x00000001,damage_entry
0x000001d2,0x0a3d60b8,1D340,0x8001d340,0x8002a504,unknown,0x00000000,0x01,0x0000011c,0xa8001248,0x800b8a20,31,0x00000005,0x801a12ec,0x00000001,0x00000000,0x00000000,0x801ffd58,0x801ffd90,0x800b0cd8,0x00000001,damage_entry
0x000001d3,0x0a4e9edd,1D340,0x8001d340,0x8002a504,unknown,0x00000000,0x01,0x0000011c,0xa8001248,0x800b8a20,31,0x00000005,0x801a22dc,0x00000001,0x00000000,0x00000000,0x801ffd58,0x801ffd90,0x800b0cd8,0x00000001,damage_entry
0x000001d4,0x0a5fd091,1D340,0x8001d340,0x8002a504,unknown,0x00000000,0x01,0x0000011c,0xa8001248,0x800b8a20,31,0x00000005,0x801a22dc,0x00000001,0x00000000,0x00000000,0x801ffd58,0x801ffd90,0x800b0cd8,0x00000001,damage_entry
0x000001d5,0x0a711350,1D340,0x8001d340,0x8002a504,unknown,0x00000000,0x01,0x0000011c,0xa8001248,0x800b8a20,31,0x00000005,0x801a22dc,0x00000001,0x00000000,0x00000000,0x801ffd58,0x801ffd90,0x800b0cd8,0x00000001,damage_entry
0x000001d6,0x0a825c76,1D340,0x8001d340,0x8002a504,unknown,0x00000000,0x01,0x0000011c,0xa8001248,0x800b8a20,31,0x00000005,0x801a22dc,0x00000001,0x00000000,0x00000000,0x801ffd58,0x801ffd90,0x800b0cd8,0x00000001,damage_entry
0x000001d7,0x0a937885,1D340,0x8001d340,0x8002a504,unknown,0x00000000,0x01,0x0000011c,0xa8001248,0x800b8a20,31,0x00000005,0x801a22dc,0x00000001,0x00000000,0x00000000,0x801ffd58,0x801ffd90,0x800b0cd8,0x00000001,damage_entry
0x000001d8,0x0aa4b852,1D340,0x8001d340,0x8002a504,unknown,0x00000000,0x01,0x0000011c,0xa8001248,0x800b8a20,31,0x00000005,0x801a22dc,0x00000001,0x00000000,0x00000000,0x801ffd58,0x801ffd90,0x800b0cd8,0x00000001,damage_entry
0x000001d9,0x0ab5e496,OP2A,0x80017a50,0x80017248,unknown,0x00000000,0x01,0x0000011c,0xa8001248,0x800b8a20,31,0x00000005,0x801a3494,0x801ffed0,0x00000002,0x00000002,0x801a348c,0x801ffec0,0x801ffed0,0x80010690,scratch_bit_op
0x000001da,0x0ab61756,1D340,0x8001d340,0x8002a504,unknown,0x00000000,0x01,0x0000011c,0xa8001248,0x800b8a20,31,0x00000005,0x801a22dc,0x00000001,0x00000000,0x00000000,0x801ffd58,0x801ffd90,0x800b0cd8,0x00000001,damage_entry
