wall,tick,cycles,pc,mode,d4d4,scratch0,dest,d278,hp,d2e8,gp90,pad_phase,identity
17:32:51,0,521480,0xbfc02b58,0x00000000,0x00,0x00000000,0x00000000,0x00000000,-1,0x00000000,0x00000000,WAIT_ID,0
17:32:52,0,38900544,0x000000b0,0x00000000,0x00,0x00000000,0x00000000,0x00000000,-1,0x00000000,0x00000000,WAIT_ID,0
17:32:53,3,90825175,0x00001ec4,0x00000000,0x00,0x00000000,0x00000000,0x00000000,-1,0x00000000,0x00000000,MASH_SKIP,1
17:32:54,4,142749776,0xbfc0d5c0,0x00000000,0x00,0x00000000,0x00000000,0x00000000,-1,0x00000000,0x00000000,MASH_SKIP,1
17:32:55,4,193545600,0x000005e0,0x00000000,0x00,0x00000000,0x00000000,0x00000000,-1,0x00000000,0x00000000,MASH_SKIP,1
17:32:56,9,246034617,0xbfc090ec,0x00000000,0x00,0x00000000,0x00000000,0x00000000,-1,0x00000000,0x00000000,LOAD_CONFIRM,1
17:32:57,9,298523630,0xbfc0911c,0x00000000,0x00,0x00000000,0x00000000,0x00000000,-1,0x00000000,0x00000000,LOAD_CONFIRM,1
17:32:58,74,342546690,0x8007fc9c,0x00000000,0x00,0x00000000,0x00000000,0x00000000,-1,0x00000000,0x00000000,LOAD_CONFIRM,1
17:32:59,74,371330972,0x80073a6c,0x00000000,0x00,0x00000000,0x00000000,0x00000000,-1,0x00000000,0x00000000,LOAD_CONFIRM,1
17:33:00,75,404630471,0x8007b3c4,0x00000000,0x00,0x00000000,0xa9400048,0x00000000,-1,0x00000000,0x00000000,PLAY,1
17:33:01,75,435672340,0x8008123c,0x00000000,0x00,0x00000000,0xa9400048,0x00000000,-1,0x00000000,0x00000000,PLAY,1
17:33:02,75,468971845,0x8007f668,0x00000000,0x00,0x00000000,0xa9400048,0x00000000,-1,0x00000000,0x00000000,PLAY,1
17:33:03,75,501706920,0x80073c2c,0x00000000,0x00,0x00000000,0xa9400048,0x00000000,-1,0x00000000,0x00000000,PLAY,1
17:33:04,75,536699580,0x80073c2c,0x00000000,0x00,0x00000000,0xa9400048,0x00000000,-1,0x00000000,0x00000000,PLAY,1
17:33:05,75,568870265,0x80073be4,0x00000000,0x00,0x00000000,0xa9400048,0x00000000,-1,0x00000000,0x00000000,PLAY,1
17:33:06,75,603862949,0x80073be4,0x00000000,0x00,0x00000000,0xa9400048,0x00000000,-1,0x00000000,0x00000000,PLAY,1
17:33:07,75,638291234,0x80073c2c,0x00000000,0x00,0x00000000,0xa9400048,0x00000000,-1,0x00000000,0x00000000,PLAY,1
17:33:08,75,673283911,0x80073c2c,0x00000000,0x00,0x00000000,0xa9400048,0x00000000,-1,0x00000000,0x00000000,PLAY,1
17:33:09,75,708840981,0x80073c2c,0x00000000,0x00,0x00000000,0xa9400048,0x00000000,-1,0x00000000,0x00000000,PLAY,1
17:33:10,75,744398045,0x80073c2c,0x00000000,0x00,0x00000000,0xa9400048,0x00000000,-1,0x00000000,0x00000000,PLAY,1
17:33:11,75,779955126,0x80073be4,0x00000000,0x00,0x00000000,0xa9400048,0x00000000,-1,0x00000000,0x00000000,PLAY,1
17:33:12,75,816640997,0x80073c2c,0x00000000,0x00,0x00000000,0xa9400048,0x00000000,-1,0x00000000,0x00000000,PLAY,1
17:33:13,75,852762470,0x80073be4,0x00000000,0x00,0x00000000,0xa9400048,0x00000000,-1,0x00000000,0x00000000,PLAY,1
17:33:14,75,891705935,0x8007c92c,0x00000000,0x00,0x00000000,0xa9400048,0x00000000,-1,0x00000000,0x00000000,PLAY,1
17:33:15,75,925569817,0x8007c4e0,0x00000000,0x00,0x00000000,0xa9400048,0x00000000,-1,0x00000000,0x00000000,PLAY,1
17:33:16,75,957740508,0x8007c4e0,0x00000000,0x00,0x00000000,0xa9400048,0x00000000,-1,0x00000000,0x00000000,PLAY,1
17:33:17,75,993297578,0x8007c4e0,0x00000000,0x00,0x00000000,0xa9400048,0x00000000,-1,0x00000000,0x00000000,PLAY,1
17:33:18,75,1027161442,0x80073be4,0x00000000,0x00,0x00000000,0xa9400048,0x00000000,-1,0x00000000,0x00000000,PLAY,1
17:33:19,75,1060460939,0x80073c2c,0x00000000,0x00,0x00000000,0xa9400048,0x00000000,-1,0x00000000,0x00000000,PLAY,1
17:33:20,75,1094324823,0x8010ca7c,0x00000000,0x00,0x00000000,0xa9400048,0x00000000,-1,0x00000000,0x00000000,PLAY,1
17:33:21,75,1128753086,0x80073c2c,0x00000000,0x00,0x00000000,0xa9400048,0x00000000,-1,0x00000000,0x00000000,PLAY,1
17:33:22,75,1162052596,0x8010c960,0x00000000,0x00,0x00000000,0xa9400048,0x00000000,-1,0x00000000,0x00000000,PLAY,1
17:33:23,75,1195916446,0x8010cb00,0x00000000,0x00,0x00000000,0xa9400048,0x00000000,-1,0x00000000,0x00000000,PLAY,1
17:33:24,75,1229780359,0x8010ca7c,0x00000000,0x00,0x00000000,0xa9400048,0x00000000,-1,0x00000000,0x00000000,PLAY,1
17:33:25,75,1263644211,0x8010ca7c,0x00000000,0x00,0x00000000,0xa9400048,0x00000000,-1,0x00000000,0x00000000,PLAY,1
17:33:26,75,1296943706,0x8007c4e0,0x00000000,0x00,0x00000000,0xa9400048,0x00000000,-1,0x00000000,0x00000000,PLAY,1
17:33:27,75,1327985585,0x80073c2c,0x00000000,0x00,0x00000000,0xa9400048,0x00000000,-1,0x00000000,0x00000000,PLAY,1
17:33:28,75,1364671460,0x8007c4e0,0x00000000,0x00,0x00000000,0xa9400048,0x00000000,-1,0x00000000,0x00000000,PLAY,1
17:33:29,75,1398535335,0x8007c4e0,0x00000000,0x00,0x00000000,0xa9400048,0x00000000,-1,0x00000000,0x00000000,PLAY,1
17:33:30,75,1432399204,0x8007c4e0,0x00000000,0x00,0x00000000,0xa9400048,0x00000000,-1,0x00000000,0x00000000,PLAY,1
17:33:31,75,1466263088,0x80191bb0,0x00000000,0x00,0x00000000,0xa9400048,0x00000000,-1,0x00000000,0x00000000,PLAY,1
17:33:32,75,1500126983,0x8007c4e0,0x00000000,0x00,0x00000000,0xa9400048,0x00000000,-1,0x00000000,0x00000000,PLAY,1
17:33:33,75,1532297657,0x8010cad8,0x00000000,0x00,0x00000000,0xa9400048,0x00000000,-1,0x00000000,0x00000000,PLAY,1
17:33:34,75,1561646381,0x8010ca7c,0x00000000,0x00,0x00000000,0xa9400048,0x00000000,-1,0x00000000,0x00000000,PLAY,1
17:33:35,75,1593252638,0x80191bb0,0x00000000,0x00,0x00000000,0xa9400048,0x00000000,-1,0x00000000,0x00000000,PLAY,1
17:33:36,75,1628809709,0x8007c4e0,0x00000000,0x00,0x00000000,0xa9400048,0x00000000,-1,0x00000000,0x00000000,PLAY,1
17:33:37,75,1666624375,0x80073c2c,0x00000000,0x00,0x00000000,0xa9400048,0x00000000,-1,0x00000000,0x00000000,PLAY,1
17:33:38,75,1703310245,0x80073be4,0x00000000,0x00,0x00000000,0xa9400048,0x00000000,-1,0x00000000,0x00000000,PLAY,1
17:33:39,75,1735480930,0x8007c484,0x00000000,0x00,0x00000000,0xa9400048,0x00000000,-1,0x00000000,0x00000000,PLAY,1
17:33:40,75,1771038007,0x80073be4,0x00000000,0x00,0x00000000,0xa9400048,0x00000000,-1,0x00000000,0x00000000,PLAY,1
17:33:41,75,1804901890,0x80073c2c,0x00000000,0x00,0x00000000,0xa9400048,0x00000000,-1,0x00000000,0x00000000,PLAY,1
17:33:42,75,1837636997,0x8010ca7c,0x00000000,0x00,0x00000000,0xa9400048,0x00000000,-1,0x00000000,0x00000000,PLAY,1
17:33:43,75,1872629662,0x80073c2c,0x00000000,0x00,0x00000000,0xa9400048,0x00000000,-1,0x00000000,0x00000000,PLAY,1
17:33:44,75,1906493536,0x80073c2c,0x00000000,0x00,0x00000000,0xa9400048,0x00000000,-1,0x00000000,0x00000000,PLAY,1
17:33:45,75,1940357415,0x80073be4,0x00000000,0x00,0x00000000,0xa9400048,0x00000000,-1,0x00000000,0x00000000,PLAY,1
17:33:46,75,1974221296,0x80073c2c,0x00000000,0x00,0x00000000,0xa9400048,0x00000000,-1,0x00000000,0x00000000,PLAY,1
17:33:47,75,2006391990,0x8007c4e0,0x00000000,0x00,0x00000000,0xa9400048,0x00000000,-1,0x00000000,0x00000000,PLAY,1
17:33:48,75,2041949071,0x8007affc,0x00000000,0x00,0x00000000,0xa9400048,0x00000000,-1,0x00000000,0x00000000,PLAY,1
17:33:49,75,2075812935,0x80073c2c,0x00000000,0x00,0x00000000,0xa9400048,0x00000000,-1,0x00000000,0x00000000,PLAY,1
17:33:50,75,2109676822,0x80073c2c,0x00000000,0x00,0x00000000,0xa9400048,0x00000000,-1,0x00000000,0x00000000,PLAY,1
17:33:51,75,2143540688,0x80073c2c,0x00000000,0x00,0x00000000,0xa9400048,0x00000000,-1,0x00000000,0x00000000,PLAY,1
17:33:52,75,2177404579,0x80073c2c,0x00000000,0x00,0x00000000,0xa9400048,0x00000000,-1,0x00000000,0x00000000,PLAY,1
17:33:53,75,2211268454,0x80073c2c,0x00000000,0x00,0x00000000,0xa9400048,0x00000000,-1,0x00000000,0x00000000,PLAY,1
17:33:54,75,2245132325,0x80073c2c,0x00000000,0x00,0x00000000,0xa9400048,0x00000000,-1,0x00000000,0x00000000,PLAY,1
17:33:55,75,2278431818,0x8010ca7c,0x00000000,0x00,0x00000000,0xa9400048,0x00000000,-1,0x00000000,0x00000000,PLAY,1
17:33:56,75,2312860098,0x80073ab4,0x00000000,0x00,0x00000000,0xa9400048,0x00000000,-1,0x00000000,0x00000000,PLAY,1
17:33:57,75,2346723965,0x80073c2c,0x00000000,0x00,0x00000000,0xa9400048,0x00000000,-1,0x00000000,0x00000000,PLAY,1
17:33:58,75,2380023451,0x8010cb00,0x00000000,0x00,0x00000000,0xa9400048,0x00000000,-1,0x00000000,0x00000000,PLAY,1
17:33:59,75,2414451755,0x8010cadc,0x00000000,0x00,0x00000000,0xa9400048,0x00000000,-1,0x00000000,0x00000000,PLAY,1
17:34:00,75,2447751244,0x8010cad8,0x00000000,0x00,0x00000000,0xa9400048,0x00000000,-1,0x00000000,0x00000000,PLAY,1
17:34:01,75,2481615096,0x8010cad8,0x00000000,0x00,0x00000000,0xa9400048,0x00000000,-1,0x00000000,0x00000000,PLAY,1
17:34:02,75,2515478976,0x8010ca7c,0x00000000,0x00,0x00000000,0xa9400048,0x00000000,-1,0x00000000,0x00000000,PLAY,1
17:34:03,75,2549342895,0x8010ca7c,0x00000000,0x00,0x00000000,0xa9400048,0x00000000,-1,0x00000000,0x00000000,PLAY,1
17:34:04,75,2583206734,0x8007c534,0x00000000,0x00,0x00000000,0xa9400048,0x00000000,-1,0x00000000,0x00000000,PLAY,1
17:34:05,75,2619328209,0x80073be4,0x00000000,0x00,0x00000000,0xa9400048,0x00000000,-1,0x00000000,0x00000000,PLAY,1
17:34:06,75,2656578471,0x8018f924,0x00000000,0x00,0x00000000,0xa9400048,0x00000000,-1,0x00000000,0x00000000,PLAY,1
17:34:07,75,2701165910,0xbfc088e8,0x00000000,0x00,0x00000000,0xa9400048,0x00000000,-1,0x00000000,0x00000000,PLAY,1
17:34:08,75,2748011010,0x8018fad0,0x00000000,0x00,0x00000000,0xa9400048,0x00000000,-1,0x00000000,0x00000000,PLAY,1
17:34:09,75,2790905211,0x8018fad0,0x00000000,0x00,0x00000000,0xa9400048,0x00000000,-1,0x00000000,0x00000000,PLAY,1
17:34:10,75,2836621431,0x80073be4,0x00000000,0x00,0x00000000,0xa9400048,0x00000000,-1,0x00000000,0x00000000,PLAY,1
17:34:11,75,2877258089,0x80073c2c,0x00000000,0x00,0x00000000,0xa9400048,0x00000000,-1,0x00000000,0x00000000,PLAY,1
17:34:12,75,2919023538,0x80073c2c,0x00000000,0x00,0x00000000,0xa9400048,0x00000000,-1,0x00000000,0x00000000,PLAY,1
17:34:13,75,2964175387,0x80073be4,0x00000000,0x00,0x00000000,0xa9400048,0x00000000,-1,0x00000000,0x00000000,PLAY,1
17:34:14,75,3010456019,0x80073be4,0x00000000,0x00,0x00000000,0xa9400048,0x00000000,-1,0x00000000,0x00000000,PLAY,1
17:34:15,75,3056736653,0x80073c2c,0x00000000,0x00,0x00000000,0xa9400048,0x00000000,-1,0x00000000,0x00000000,PLAY,1
17:34:16,75,3097373318,0x80073c2c,0x00000000,0x00,0x00000000,0xa9400048,0x00000000,-1,0x00000000,0x00000000,PLAY,1
17:34:17,75,3143653945,0x80073be4,0x00000000,0x00,0x00000000,0xa9400048,0x00000000,-1,0x00000000,0x00000000,PLAY,1
17:34:18,75,3188805787,0x80073c2c,0x00000000,0x00,0x00000000,0xa9400048,0x00000000,-1,0x00000000,0x00000000,PLAY,1
17:34:19,75,3235086426,0x80073c2c,0x00000000,0x00,0x00000000,0xa9400048,0x00000000,-1,0x00000000,0x00000000,PLAY,1
17:34:20,75,3277416308,0x8018fad0,0x00000000,0x00,0x00000000,0xa9400048,0x00000000,-1,0x00000000,0x00000000,PLAY,1
17:34:21,75,3322568171,0x8018fad0,0x00000000,0x00,0x00000000,0xa9400048,0x00000000,-1,0x00000000,0x00000000,PLAY,1
17:34:22,75,3366026762,0x80073be4,0x00000000,0x00,0x00000000,0xa9400048,0x00000000,-1,0x00000000,0x00000000,PLAY,1
17:34:23,75,3410049800,0x80073c2c,0x00000000,0x00,0x00000000,0xa9400048,0x00000000,-1,0x00000000,0x00000000,PLAY,1
17:34:24,75,3455201648,0x80073be4,0x00000000,0x00,0x00000000,0xa9400048,0x00000000,-1,0x00000000,0x00000000,PLAY,1
17:34:25,75,3502046743,0x8018fad0,0x00000000,0x00,0x00000000,0xa9400048,0x00000000,-1,0x00000000,0x00000000,PLAY,1
17:34:26,75,3548891704,0x80073c2c,0x00000000,0x00,0x00000000,0xa9400048,0x00000000,-1,0x00000000,0x00000000,PLAY,1
17:34:27,75,3592914756,0x80073c2c,0x00000000,0x00,0x00000000,0xa9400048,0x00000000,-1,0x00000000,0x00000000,PLAY,1
17:34:28,75,3639759809,0x8018fad0,0x00000000,0x00,0x00000000,0xa9400048,0x00000000,-1,0x00000000,0x00000000,PLAY,1
17:34:29,75,3686040459,0x8018fad0,0x00000000,0x00,0x00000000,0xa9400048,0x00000000,-1,0x00000000,0x00000000,PLAY,1
17:34:30,75,3731192269,0x8018fad0,0x00000000,0x00,0x00000000,0xa9400048,0x00000000,-1,0x00000000,0x00000000,PLAY,1
17:34:31,75,3776344157,0x8018fad0,0x00000000,0x00,0x00000000,0xa9400048,0x00000000,-1,0x00000000,0x00000000,PLAY,1
17:34:32,75,3823189144,0x80073be4,0x00000000,0x00,0x00000000,0xa9400048,0x00000000,-1,0x00000000,0x00000000,PLAY,1
17:34:33,75,3862697001,0x80073c2c,0x00000000,0x00,0x00000000,0xa9400048,0x00000000,-1,0x00000000,0x00000000,PLAY,1
17:34:34,75,3896560881,0x80073c2c,0x00000000,0x00,0x00000000,0xa9400048,0x00000000,-1,0x00000000,0x00000000,PLAY,1
17:34:35,75,3929295970,0x80073c2c,0x00000000,0x00,0x00000000,0xa9400048,0x00000000,-1,0x00000000,0x00000000,PLAY,1
17:34:36,75,3956387071,0x80073c2c,0x00000000,0x00,0x00000000,0xa9400048,0x00000000,-1,0x00000000,0x00000000,PLAY,1
17:34:37,75,3990815351,0x80073c2c,0x00000000,0x00,0x00000000,0xa9400048,0x00000000,-1,0x00000000,0x00000000,PLAY,1
17:34:38,75,4024679224,0x80073c2c,0x00000000,0x00,0x00000000,0xa9400048,0x00000000,-1,0x00000000,0x00000000,PLAY,1
17:34:39,75,4057978703,0x80073c2c,0x00000000,0x00,0x00000000,0xa9400048,0x00000000,-1,0x00000000,0x00000000,PLAY,1
17:34:40,75,4092406993,0x80073c2c,0x00000000,0x00,0x00000000,0xa9400048,0x00000000,-1,0x00000000,0x00000000,PLAY,1
17:34:41,75,4127399658,0x80073c2c,0x00000000,0x00,0x00000000,0xa9400048,0x00000000,-1,0x00000000,0x00000000,PLAY,1
17:34:42,75,4162392338,0x80073be4,0x00000000,0x00,0x00000000,0xa9400048,0x00000000,-1,0x00000000,0x00000000,PLAY,1
17:34:43,75,4196820609,0x80073c2c,0x00000000,0x00,0x00000000,0xa9400048,0x00000000,-1,0x00000000,0x00000000,PLAY,1
17:34:44,75,4229555710,0x80073c2c,0x00000000,0x00,0x00000000,0xa9400048,0x00000000,-1,0x00000000,0x00000000,PLAY,1
17:34:45,75,4262855192,0x80073c2c,0x00000000,0x00,0x00000000,0xa9400048,0x00000000,-1,0x00000000,0x00000000,PLAY,1
17:34:46,75,4297847850,0x80073be4,0x00000000,0x00,0x00000000,0xa9400048,0x00000000,-1,0x00000000,0x00000000,PLAY,1
17:34:47,75,4332840538,0x80073c2c,0x00000000,0x00,0x00000000,0xa9400048,0x00000000,-1,0x00000000,0x00000000,PLAY,1
17:34:48,75,4367833210,0x80073be4,0x00000000,0x00,0x00000000,0xa9400048,0x00000000,-1,0x00000000,0x00000000,PLAY,1
17:34:49,75,4402261489,0x80073c2c,0x00000000,0x00,0x00000000,0xa9400048,0x00000000,-1,0x00000000,0x00000000,PLAY,1
17:34:50,75,4436689774,0x80073c2c,0x00000000,0x00,0x00000000,0xa9400048,0x00000000,-1,0x00000000,0x00000000,PLAY,1
17:34:51,75,4469424850,0x80073be4,0x00000000,0x00,0x00000000,0xa9400048,0x00000000,-1,0x00000000,0x00000000,PLAY,1
17:34:52,75,4501595532,0x80073be4,0x00000000,0x00,0x00000000,0xa9400048,0x00000000,-1,0x00000000,0x00000000,PLAY,1
17:34:53,75,4529815446,0x80073c2c,0x00000000,0x00,0x00000000,0xa9400048,0x00000000,-1,0x00000000,0x00000000,PLAY,1
17:34:54,75,4564243717,0x80073be4,0x00000000,0x00,0x00000000,0xa9400048,0x00000000,-1,0x00000000,0x00000000,PLAY,1
17:34:55,75,4599800795,0x80073c2c,0x00000000,0x00,0x00000000,0xa9400048,0x00000000,-1,0x00000000,0x00000000,PLAY,1
17:34:56,75,4634229065,0x80073be4,0x00000000,0x00,0x00000000,0xa9400048,0x00000000,-1,0x00000000,0x00000000,PLAY,1
17:34:57,75,4661320172,0x80073c2c,0x00000000,0x00,0x00000000,0xa9400048,0x00000000,-1,0x00000000,0x00000000,PLAY,1
17:34:58,75,4687282485,0x80073c2c,0x00000000,0x00,0x00000000,0xa9400048,0x00000000,-1,0x00000000,0x00000000,PLAY,1
17:34:59,75,4721146362,0x80073be4,0x00000000,0x00,0x00000000,0xa9400048,0x00000000,-1,0x00000000,0x00000000,PLAY,1
17:35:00,75,4755010241,0x80073be4,0x00000000,0x00,0x00000000,0xa9400048,0x00000000,-1,0x00000000,0x00000000,PLAY,1
17:35:01,75,4787745330,0x80073c2c,0x00000000,0x00,0x00000000,0xa9400048,0x00000000,-1,0x00000000,0x00000000,PLAY,1
17:35:02,75,4822173601,0x80073be4,0x00000000,0x00,0x00000000,0xa9400048,0x00000000,-1,0x00000000,0x00000000,PLAY,1
17:35:03,75,4857166270,0x80073c2c,0x00000000,0x00,0x00000000,0xa9400048,0x00000000,-1,0x00000000,0x00000000,PLAY,1
17:35:04,75,4883128584,0x80073be4,0x00000000,0x00,0x00000000,0xa9400048,0x00000000,-1,0x00000000,0x00000000,PLAY,1
17:35:05,75,4913041682,0x80073c2c,0x00000000,0x00,0x00000000,0xa9400048,0x00000000,-1,0x00000000,0x00000000,PLAY,1
17:35:06,75,4946341166,0x80073c2c,0x00000000,0x00,0x00000000,0xa9400048,0x00000000,-1,0x00000000,0x00000000,PLAY,1
17:35:07,75,4980769436,0x80073be4,0x00000000,0x00,0x00000000,0xa9400048,0x00000000,-1,0x00000000,0x00000000,PLAY,1
17:35:08,75,5015197721,0x80073c2c,0x00000000,0x00,0x00000000,0xa9400048,0x00000000,-1,0x00000000,0x00000000,PLAY,1
17:35:09,75,5049625986,0x80073c2c,0x00000000,0x00,0x00000000,0xa9400048,0x00000000,-1,0x00000000,0x00000000,PLAY,1
17:35:10,75,5083489876,0x80073c2c,0x00000000,0x00,0x00000000,0xa9400048,0x00000000,-1,0x00000000,0x00000000,PLAY,1
17:35:11,75,5117918151,0x80073be4,0x00000000,0x00,0x00000000,0xa9400048,0x00000000,-1,0x00000000,0x00000000,PLAY,1
17:35:12,75,5151782032,0x80073be4,0x00000000,0x00,0x00000000,0xa9400048,0x00000000,-1,0x00000000,0x00000000,PLAY,1
17:35:13,75,5186210316,0x80073c2c,0x00000000,0x00,0x00000000,0xa9400048,0x00000000,-1,0x00000000,0x00000000,PLAY,1
17:35:14,75,5220638591,0x80073be4,0x00000000,0x00,0x00000000,0xa9400048,0x00000000,-1,0x00000000,0x00000000,PLAY,1
17:35:15,75,5252809268,0x80073be4,0x00000000,0x00,0x00000000,0xa9400048,0x00000000,-1,0x00000000,0x00000000,PLAY,1
17:35:16,75,5294574719,0xbfc0890c,0x00000000,0x00,0x00000000,0xa9400048,0x00000000,-1,0x00000000,0x00000000,PLAY,1
17:35:17,77,5344806155,0x80073c2c,0x00000000,0x00,0x00000000,0xa8002048,0x00000000,-1,0x00000000,0x00000000,PLAY,1
17:35:18,77,5379234430,0x80073c2c,0x00000000,0x00,0x00000000,0xa8002048,0x00000000,-1,0x00000000,0x00000000,PLAY,1
17:35:19,77,5411405104,0x80073c2c,0x00000000,0x00,0x00000000,0xa8002048,0x00000000,-1,0x00000000,0x00000000,PLAY,1
17:35:20,77,5443011405,0x80073c2c,0x00000000,0x00,0x00000000,0xa8002048,0x00000000,-1,0x00000000,0x00000000,PLAY,1
17:35:21,77,5476310881,0x80073c2c,0x00000000,0x00,0x00000000,0xa8002048,0x00000000,-1,0x00000000,0x00000000,PLAY,1
17:35:22,77,5510174756,0x80073be4,0x00000000,0x00,0x00000000,0xa8002048,0x00000000,-1,0x00000000,0x00000000,PLAY,1
17:35:23,77,5544603035,0x80073c2c,0x00000000,0x00,0x00000000,0xa8002048,0x00000000,-1,0x00000000,0x00000000,PLAY,1
17:35:24,77,5577338119,0x80073c2c,0x00000000,0x00,0x00000000,0xa8002048,0x00000000,-1,0x00000000,0x00000000,PLAY,1
17:35:25,77,5611766399,0x80073be4,0x00000000,0x00,0x00000000,0xa8002048,0x00000000,-1,0x00000000,0x00000000,PLAY,1
17:35:26,77,5644501482,0x80073be4,0x00000000,0x00,0x00000000,0xa8002048,0x00000000,-1,0x00000000,0x00000000,PLAY,1
17:35:27,77,5677800974,0x80073c2c,0x00000000,0x00,0x00000000,0xa8002048,0x00000000,-1,0x00000000,0x00000000,PLAY,1
17:35:28,77,5711100442,0x80073be4,0x00000000,0x00,0x00000000,0xa8002048,0x00000000,-1,0x00000000,0x00000000,PLAY,1
17:35:29,77,5744399931,0x80073be4,0x00000000,0x00,0x00000000,0xa8002048,0x00000000,-1,0x00000000,0x00000000,PLAY,1
17:35:30,77,5776570611,0x80073be4,0x00000000,0x00,0x00000000,0xa8002048,0x00000000,-1,0x00000000,0x00000000,PLAY,1
17:35:31,77,5809305712,0x80073c2c,0x00000000,0x00,0x00000000,0xa8002048,0x00000000,-1,0x00000000,0x00000000,PLAY,1
17:35:32,77,5842040792,0x80073c2c,0x00000000,0x00,0x00000000,0xa8002048,0x00000000,-1,0x00000000,0x00000000,PLAY,1
17:35:33,77,5875904661,0x80073be4,0x00000000,0x00,0x00000000,0xa8002048,0x00000000,-1,0x00000000,0x00000000,PLAY,1
17:35:34,77,5909768541,0x80073be4,0x00000000,0x00,0x00000000,0xa8002048,0x00000000,-1,0x00000000,0x00000000,PLAY,1
17:35:35,77,5943068026,0x80073be4,0x00000000,0x00,0x00000000,0xa8002048,0x00000000,-1,0x00000000,0x00000000,PLAY,1
17:35:36,77,5973545525,0x80073c2c,0x00000000,0x00,0x00000000,0xa8002048,0x00000000,-1,0x00000000,0x00000000,PLAY,1
17:35:37,77,6006280608,0x80073c2c,0x00000000,0x00,0x00000000,0xa8002048,0x00000000,-1,0x00000000,0x00000000,PLAY,1
17:35:38,77,6040144492,0x80073c2c,0x00000000,0x00,0x00000000,0xa8002048,0x00000000,-1,0x00000000,0x00000000,PLAY,1
17:35:39,77,6071750767,0x80073be4,0x00000000,0x00,0x00000000,0xa8002048,0x00000000,-1,0x00000000,0x00000000,PLAY,1
17:35:40,77,6104485854,0x80073be4,0x00000000,0x00,0x00000000,0xa8002048,0x00000000,-1,0x00000000,0x00000000,PLAY,1
17:35:41,77,6137785348,0x80073c2c,0x00000000,0x00,0x00000000,0xa8002048,0x00000000,-1,0x00000000,0x00000000,PLAY,1
17:35:42,77,6168262822,0x80073be4,0x00000000,0x00,0x00000000,0xa8002048,0x00000000,-1,0x00000000,0x00000000,PLAY,1
17:35:43,77,6202126715,0x80073c2c,0x00000000,0x00,0x00000000,0xa8002048,0x00000000,-1,0x00000000,0x00000000,PLAY,1
17:35:44,77,6235990591,0x8008e214,0x00000000,0x00,0x00000000,0xa8002048,0x00000000,-1,0x00000000,0x00000000,PLAY,1
17:35:45,77,6268161273,0x80073a44,0x00000000,0x00,0x00000000,0xa8002048,0x00000000,-1,0x00000000,0x00000000,PLAY,1
17:35:46,77,6300896376,0x80073a6c,0x00000000,0x00,0x00000000,0xa8002048,0x00000000,-1,0x00000000,0x00000000,PLAY,1
17:35:47,77,6333067044,0x80073ba8,0x00000000,0x00,0x00000000,0xa8002048,0x00000000,-1,0x00000000,0x00000000,PLAY,1
17:35:48,77,6363544534,0x8006d03c,0x00000000,0x00,0x00000000,0xa8002048,0x00000000,-1,0x00000000,0x00000000,PLAY,1
17:35:49,78,6395715218,0x80081230,0x00000000,0x00,0x00000000,0xa8002048,0x00000000,-1,0x00000000,0x00000000,PLAY,1
17:35:50,78,6427321528,0x80073a44,0x00000000,0x00,0x00000000,0xa8002048,0x00000000,-1,0x00000001,0x801a136c,PLAY,1
17:35:51,78,6459492193,0x80073be4,0x00000000,0x00,0x00000000,0xa8002048,0x00000000,-1,0x00000000,0x801a1e98,PLAY,1
17:35:52,78,6493920485,0x80073c2c,0x00000000,0x00,0x00000000,0xa8002048,0x00000000,-1,0x00000000,0x801a1e98,PLAY,1
17:35:53,78,6528348748,0x80073c2c,0x00000000,0x00,0x00000000,0xa8002048,0x00000000,-1,0x00000000,0x801a1e98,PLAY,1
17:35:54,78,6561083841,0x80073be4,0x00000000,0x00,0x00000000,0xa8002048,0x00000000,-1,0x00000000,0x801a1e98,PLAY,1
17:35:55,78,6592690128,0x80073c2c,0x00000000,0x00,0x00000000,0xa8002048,0x00000000,-1,0x00000000,0x801a1e98,PLAY,1
17:35:56,78,6627682806,0x80073be4,0x00000000,0x00,0x00000000,0xa8002048,0x00000000,-1,0x00000000,0x801a1e98,PLAY,1
17:35:57,78,6661546684,0x80073be4,0x00000000,0x00,0x00000000,0xa8002048,0x00000000,-1,0x00000000,0x801a1e98,PLAY,1
17:35:58,78,6696539351,0x80073c2c,0x00000000,0x00,0x00000000,0xa8002048,0x00000000,-1,0x00000000,0x801a1e98,PLAY,1
17:35:59,78,6730403242,0x80073be4,0x00000000,0x00,0x00000000,0xa8002048,0x00000000,-1,0x00000000,0x801a1e98,PLAY,1
17:36:00,78,6764267121,0x80073be4,0x00000000,0x00,0x00000000,0xa8002048,0x00000000,-1,0x00000000,0x801a1e98,PLAY,1
17:36:01,78,6799259787,0x80073be4,0x00000000,0x00,0x00000000,0xa8002048,0x00000000,-1,0x00000000,0x801a1e98,PLAY,1
17:36:02,78,6831994872,0x80073c2c,0x00000000,0x00,0x00000000,0xa8002048,0x00000000,-1,0x00000000,0x801a1e98,PLAY,1
17:36:03,78,6865858753,0x80073be4,0x00000000,0x00,0x00000000,0xa8002048,0x00000000,-1,0x00000000,0x801a1e98,PLAY,1
17:36:04,78,6900287038,0x80073be4,0x00000000,0x00,0x00000000,0xa8002048,0x00000000,-1,0x00000000,0x801a1e98,PLAY,1
17:36:05,78,6935279707,0x80073be4,0x00000000,0x00,0x00000000,0xa8002048,0x00000000,-1,0x00000000,0x801a1e98,PLAY,1
17:36:06,78,6967450400,0x80073be4,0x00000000,0x00,0x00000000,0xa8002048,0x00000000,-1,0x00000000,0x801a1e98,PLAY,1
17:36:07,78,6999621078,0x80073be4,0x00000000,0x00,0x00000000,0xa8002048,0x00000000,-1,0x00000000,0x801a1e98,PLAY,1
17:36:08,78,7034049361,0x80073c2c,0x00000000,0x00,0x00000000,0xa8002048,0x00000000,-1,0x00000000,0x801a1e98,PLAY,1
17:36:09,78,7068477637,0x80073c2c,0x00000000,0x00,0x00000000,0xa8002048,0x00000000,-1,0x00000000,0x801a1e98,PLAY,1
17:36:10,78,7102341576,0x80088344,0x00000000,0x00,0x00000000,0xa8002048,0x00000000,-1,0x00000000,0x801a1e98,PLAY,1
17:36:11,78,7135076601,0x80073be4,0x00000000,0x00,0x00000000,0xa8002048,0x00000000,-1,0x00000000,0x801a1e98,PLAY,1
17:36:12,78,7169504881,0x80073c2c,0x00000000,0x00,0x00000000,0xa8002048,0x00000000,-1,0x00000000,0x801a1e98,PLAY,1
17:36:13,78,7203368763,0x80073c2c,0x00000000,0x00,0x00000000,0xa8002048,0x00000000,-1,0x00000000,0x801a1e98,PLAY,1
17:36:14,78,7238361443,0x80073c2c,0x00000000,0x00,0x00000000,0xa8002048,0x00000000,-1,0x00000000,0x801a1e98,PLAY,1
17:36:15,78,7272225321,0x80073be4,0x00000000,0x00,0x00000000,0xa8002048,0x00000000,-1,0x00000000,0x801a1e98,PLAY,1
17:36:16,78,7304960399,0x80073be4,0x00000000,0x00,0x00000000,0xa8002048,0x00000000,-1,0x00000000,0x801a1e98,PLAY,1
17:36:17,78,7338824280,0x80073c2c,0x00000000,0x00,0x00000000,0xa8002048,0x00000000,-1,0x00000000,0x801a1e98,PLAY,1
17:36:18,78,7370994963,0x80073c2c,0x00000000,0x00,0x00000000,0xa8002048,0x00000000,-1,0x00000000,0x801a1e98,PLAY,1
17:36:19,78,7405423249,0x80073be4,0x00000000,0x00,0x00000000,0xa8002048,0x00000000,-1,0x00000000,0x801a1e98,PLAY,1
17:36:20,78,7440415921,0x80073c2c,0x00000000,0x00,0x00000000,0xa8002048,0x00000000,-1,0x00000000,0x801a1e98,PLAY,1
17:36:21,78,7475408595,0x80073c2c,0x00000000,0x00,0x00000000,0xa8002048,0x00000000,-1,0x00000000,0x801a1e98,PLAY,1
17:36:22,78,7510401270,0x80073be4,0x00000000,0x00,0x00000000,0xa8002048,0x00000000,-1,0x00000000,0x801a1e98,PLAY,1
17:36:23,78,7544265161,0x80073c2c,0x00000000,0x00,0x00000000,0xa8002048,0x00000000,-1,0x00000000,0x801a1e98,PLAY,1
17:36:24,78,7577564646,0x80073c2c,0x00000000,0x00,0x00000000,0xa8002048,0x00000000,-1,0x00000000,0x801a1e98,PLAY,1
17:36:25,78,7611992911,0x80073c2c,0x00000000,0x00,0x00000000,0xa8002048,0x00000000,-1,0x00000000,0x801a1e98,PLAY,1
17:36:26,78,7644728008,0x80073c2c,0x00000000,0x00,0x00000000,0xa8002048,0x00000000,-1,0x00000000,0x801a1e98,PLAY,1
17:36:27,78,7679156282,0x80073c2c,0x00000000,0x00,0x00000000,0xa8002048,0x00000000,-1,0x00000000,0x801a1e98,PLAY,1
17:36:28,78,7713020151,0x80073c2c,0x00000000,0x00,0x00000000,0xa8002048,0x00000000,-1,0x00000000,0x801a1e98,PLAY,1
17:36:29,78,7748012834,0x80073c2c,0x00000000,0x00,0x00000000,0xa8002048,0x00000000,-1,0x00000000,0x801a1e98,PLAY,1
17:36:30,78,7782441114,0x80073c2c,0x00000000,0x00,0x00000000,0xa8002048,0x00000000,-1,0x00000000,0x801a1e98,PLAY,1
17:36:31,78,7817433784,0x80073c2c,0x00000000,0x00,0x00000000,0xa8002048,0x00000000,-1,0x00000000,0x801a1e98,PLAY,1
17:36:32,78,7851862073,0x80073c2c,0x00000000,0x00,0x00000000,0xa8002048,0x00000000,-1,0x00000000,0x801a1e98,PLAY,1
17:36:33,78,7886290338,0x80073be4,0x00000000,0x00,0x00000000,0xa8002048,0x00000000,-1,0x00000000,0x801a1e98,PLAY,1
17:36:34,78,7920718615,0x80073c2c,0x00000000,0x00,0x00000000,0xa8002048,0x00000000,-1,0x00000000,0x801a1e98,PLAY,1
17:36:35,78,7954582510,0x00001be0,0x00000000,0x00,0x00000000,0xa8002048,0x00000000,-1,0x00000000,0x801a1e98,PLAY,1
17:36:36,78,7988446372,0x80073c2c,0x00000000,0x00,0x00000000,0xa8002048,0x00000000,-1,0x00000000,0x801a1e98,PLAY,1
17:36:37,78,8022310265,0x80073c2c,0x00000000,0x00,0x00000000,0xa8002048,0x00000000,-1,0x00000000,0x801a1e98,PLAY,1
17:36:38,78,8053916549,0x80073be4,0x00000000,0x00,0x00000000,0xa8002048,0x00000000,-1,0x00000000,0x801a1e98,PLAY,1
17:36:39,78,8086651626,0x80073be4,0x00000000,0x00,0x00000000,0xa8002048,0x00000000,-1,0x00000000,0x801a1e98,PLAY,1
17:36:40,78,8120515512,0x80073c2c,0x00000000,0x00,0x00000000,0xa8002048,0x00000000,-1,0x00000000,0x801a1e98,PLAY,1
17:36:41,78,8154379395,0x80073c2c,0x00000000,0x00,0x00000000,0xa8002048,0x00000000,-1,0x00000000,0x801a1e98,PLAY,1
17:36:42,78,8188807671,0x80073be4,0x00000000,0x00,0x00000000,0xa8002048,0x00000000,-1,0x00000000,0x801a1e98,PLAY,1
17:36:43,78,8223235957,0x80073c2c,0x00000000,0x00,0x00000000,0xa8002048,0x00000000,-1,0x00000008,0x801a1e98,PLAY,1
17:36:44,78,8255971029,0x80073be4,0x00000000,0x00,0x00000000,0xa8002048,0x00000000,-1,0x00000008,0x801a1e98,PLAY,1
17:36:45,78,8290399318,0x80073c2c,0x00000000,0x00,0x00000000,0xa8002048,0x00000000,-1,0x00000008,0x801a1e98,PLAY,1
17:36:46,78,8323698800,0x80073c2c,0x00000000,0x00,0x00000000,0xa8002048,0x00000000,-1,0x00000008,0x801a1e98,PLAY,1
17:36:47,78,8356433884,0x80073c2c,0x00000000,0x00,0x00000000,0xa8002048,0x00000000,-1,0x00000008,0x801a1e98,PLAY,1
17:36:48,78,8389733356,0x80073be4,0x00000000,0x00,0x00000000,0xa8002048,0x00000000,-1,0x00000008,0x801a1e98,PLAY,1
17:36:49,78,8423597240,0x80073c2c,0x00000000,0x00,0x00000000,0xa8002048,0x00000000,-1,0x00000000,0x801a1e98,PLAY,1
17:36:50,78,8455767922,0x80073be4,0x00000000,0x00,0x00000000,0xa8002048,0x00000000,-1,0x00000000,0x801a1e98,PLAY,1
17:36:51,78,8489631800,0x80073be4,0x00000000,0x00,0x00000000,0xa8002048,0x00000000,-1,0x00000000,0x801a1e98,PLAY,1
17:36:52,78,8523495690,0x80073c2c,0x00000000,0x00,0x00000000,0xa8002048,0x00000000,-1,0x00000000,0x801a1e98,PLAY,1
17:36:53,78,8558488369,0x80073c2c,0x00000000,0x00,0x00000000,0xa8002048,0x00000000,-1,0x00000000,0x801a1e98,PLAY,1
17:36:54,78,8592352232,0x80073c2c,0x00000000,0x00,0x00000000,0xa8002048,0x00000000,-1,0x00000000,0x801a1e98,PLAY,1
17:36:55,78,8627344925,0x80073c2c,0x00000000,0x00,0x00000000,0xa8002048,0x00000000,-1,0x00000000,0x801a1e98,PLAY,1
17:36:56,78,8661773199,0x80073c2c,0x00000000,0x00,0x00000000,0xa8002048,0x00000000,-1,0x00000000,0x801a1e98,PLAY,1
17:36:57,78,8696201474,0x80073c2c,0x00000000,0x00,0x00000000,0xa8002048,0x00000000,-1,0x00000000,0x801a1e98,PLAY,1
17:36:58,78,8728372160,0x80073be4,0x00000000,0x00,0x00000000,0xa8002048,0x00000000,-1,0x00000000,0x801a1e98,PLAY,1
17:36:59,78,8763364834,0x80073be4,0x00000000,0x00,0x00000000,0xa8002048,0x00000000,-1,0x00000000,0x801a1e98,PLAY,1
17:37:00,78,8797793107,0x80088974,0x00000000,0x00,0x00000000,0xa8002048,0x00000000,-1,0x00000000,0x801a1e98,PLAY,1
17:37:01,78,8832221388,0x80073c2c,0x00000000,0x00,0x00000000,0xa8002048,0x00000000,-1,0x00000000,0x801a1e98,PLAY,1
17:37:02,78,8866649662,0x80073be4,0x00000000,0x00,0x00000000,0xa8002048,0x00000000,-1,0x00000000,0x801a1e98,PLAY,1
17:37:03,78,8900513548,0x80073be4,0x00000000,0x00,0x00000000,0xa8002048,0x00000000,-1,0x00000000,0x801a1e98,PLAY,1
17:37:04,78,8935506221,0x80073c2c,0x00000000,0x00,0x00000000,0xa8002048,0x00000000,-1,0x00000000,0x801a1e98,PLAY,1
17:37:05,78,8970498901,0x80073be4,0x00000000,0x00,0x00000000,0xa8002048,0x00000000,-1,0x00000000,0x801a1e98,PLAY,1
17:37:06,78,9006055974,0x80073be4,0x00000000,0x00,0x00000000,0xa8002048,0x00000000,-1,0x00000000,0x801a1e98,PLAY,1
17:37:07,78,9040484256,0x80073be4,0x00000000,0x00,0x00000000,0xa8002048,0x00000000,-1,0x00000000,0x801a1e98,PLAY,1
17:37:08,78,9074912529,0x80073c2c,0x00000000,0x00,0x00000000,0xa8002048,0x00000000,-1,0x00000000,0x801a1e98,PLAY,1
17:37:09,78,9109905216,0x80073c2c,0x00000000,0x00,0x00000000,0xa8002048,0x00000000,-1,0x00000000,0x801a1e98,PLAY,1
17:37:10,78,9143769078,0x80073be4,0x00000000,0x00,0x00000000,0xa8002048,0x00000000,-1,0x00000000,0x801a1e98,PLAY,1
17:37:11,78,9178197368,0x80073c2c,0x00000000,0x00,0x00000000,0xa8002048,0x00000000,-1,0x00000000,0x801a1e98,PLAY,1
17:37:12,78,9213190034,0x80073c2c,0x00000000,0x00,0x00000000,0xa8002048,0x00000000,-1,0x00000000,0x801a1e98,PLAY,1
17:37:13,78,9247618310,0x80073be4,0x00000000,0x00,0x00000000,0xa8002048,0x00000000,-1,0x00000000,0x801a1e98,PLAY,1
17:37:14,78,9281482190,0x80073c2c,0x00000000,0x00,0x00000000,0xa8002048,0x00000000,-1,0x00000000,0x801a1e98,PLAY,1
17:37:15,78,9315346073,0x80073be4,0x00000000,0x00,0x00000000,0xa8002048,0x00000000,-1,0x00000000,0x801a1e98,PLAY,1
17:37:16,78,9350338747,0x80073be4,0x00000000,0x00,0x00000000,0xa8002048,0x00000000,-1,0x00000000,0x801a1e98,PLAY,1
17:37:17,78,9383638230,0x80073be4,0x00000000,0x00,0x00000000,0xa8002048,0x00000000,-1,0x00000000,0x801a1e98,PLAY,1
17:37:18,78,9419195302,0x80073c2c,0x00000000,0x00,0x00000000,0xa8002048,0x00000000,-1,0x00000000,0x801a1e98,PLAY,1
17:37:19,78,9451930387,0x80073be4,0x00000000,0x00,0x00000000,0xa8002048,0x00000000,-1,0x00000000,0x801a1e98,PLAY,1
17:37:20,78,9471119928,0x80073be4,0x00000000,0x00,0x00000000,0xa8002048,0x00000000,-1,0x00000000,0x801a1e98,PLAY,1
17:37:21,78,9506112603,0x80073be4,0x00000000,0x00,0x00000000,0xa8002048,0x00000000,-1,0x00000000,0x801a1e98,PLAY,1
17:37:22,78,9541105271,0x80073be4,0x00000000,0x00,0x00000000,0xa8002048,0x00000000,-1,0x00000000,0x801a1e98,PLAY,1
17:37:23,78,9575533564,0x80073c2c,0x00000000,0x00,0x00000000,0xa8002048,0x00000000,-1,0x00000000,0x801a1e98,PLAY,1
17:37:24,78,9610526238,0x80073c2c,0x00000000,0x00,0x00000000,0xa8002048,0x00000000,-1,0x00000000,0x801a1e98,PLAY,1
17:37:25,78,9644954504,0x8008e048,0x00000000,0x00,0x00000000,0xa8002048,0x00000000,-1,0x00000000,0x801a1e98,PLAY,1
17:37:26,78,9679947195,0x80073c2c,0x00000000,0x00,0x00000000,0xa8002048,0x00000000,-1,0x00000000,0x801a1e98,PLAY,1
17:37:27,78,9714939869,0x80073c2c,0x00000000,0x00,0x00000000,0xa8002048,0x00000000,-1,0x00000000,0x801a1e98,PLAY,1
17:37:28,78,9749932539,0x80073be4,0x00000000,0x00,0x00000000,0xa8002048,0x00000000,-1,0x00000000,0x801a1e98,PLAY,1
17:37:29,78,9785489612,0x80073c2c,0x00000000,0x00,0x00000000,0xa8002048,0x00000000,-1,0x00000000,0x801a1e98,PLAY,1
17:37:30,78,9819353494,0x80073be4,0x00000000,0x00,0x00000000,0xa8002048,0x00000000,-1,0x00000000,0x801a1e98,PLAY,1
17:37:31,78,9854346169,0x80073c2c,0x00000000,0x00,0x00000000,0xa8002048,0x00000000,-1,0x00000000,0x801a1e98,PLAY,1
17:37:32,78,9888774444,0x80073c2c,0x00000000,0x00,0x00000000,0xa8002048,0x00000000,-1,0x00000000,0x801a1e98,PLAY,1
17:37:33,78,9924331527,0x80073c2c,0x00000000,0x00,0x00000000,0xa8002048,0x00000000,-1,0x00000000,0x801a1e98,PLAY,1
17:37:34,78,9958759793,0x80073be4,0x00000000,0x00,0x00000000,0xa8002048,0x00000000,-1,0x00000000,0x801a1e98,PLAY,1
17:37:35,78,9993752478,0x80073be4,0x00000000,0x00,0x00000000,0xa8002048,0x00000000,-1,0x00000000,0x801a1e98,PLAY,1
17:37:36,78,10028745145,0x80073be4,0x00000000,0x00,0x00000000,0xa8002048,0x00000000,-1,0x00000000,0x801a1e98,PLAY,1
17:37:37,78,10063737822,0x80073c2c,0x00000000,0x00,0x00000000,0xa8002048,0x00000000,-1,0x00000000,0x801a1e98,PLAY,1
17:37:38,78,10097037303,0x80073c2c,0x00000000,0x00,0x00000000,0xa8002048,0x00000000,-1,0x00000000,0x801a1e98,PLAY,1
17:37:39,78,10130336787,0x80073be4,0x00000000,0x00,0x00000000,0xa8002048,0x00000000,-1,0x00000000,0x801a1e98,PLAY,1
17:37:40,78,10165893859,0x80073be4,0x00000000,0x00,0x00000000,0xa8002048,0x00000000,-1,0x00000000,0x801a1e98,PLAY,1
17:37:41,78,10199757738,0x80073c2c,0x00000000,0x00,0x00000000,0xa8002048,0x00000000,-1,0x00000000,0x801a1e98,PLAY,1
17:37:42,78,10234186019,0x80073be4,0x00000000,0x00,0x00000000,0xa8002048,0x00000000,-1,0x00000000,0x801a1e98,PLAY,1
17:37:43,78,10268614292,0x80073be4,0x00000000,0x00,0x00000000,0xa8002048,0x00000000,-1,0x00000000,0x801a1e98,PLAY,1
17:37:44,78,10302478180,0x80073be4,0x00000000,0x00,0x00000000,0xa8002048,0x00000000,-1,0x00000000,0x801a1e98,PLAY,1
17:37:45,78,10336342053,0x80073be4,0x00000000,0x00,0x00000000,0xa8002048,0x00000000,-1,0x00000000,0x801a1e98,PLAY,1
17:37:46,78,10370205945,0x80073c2c,0x00000000,0x00,0x00000000,0xa8002048,0x00000000,-1,0x00000000,0x801a1e98,PLAY,1
17:37:47,78,10404634215,0x80073c2c,0x00000000,0x00,0x00000000,0xa8002048,0x00000000,-1,0x00000000,0x801a1e98,PLAY,1
17:37:48,78,10439626894,0x80073be4,0x00000000,0x00,0x00000000,0xa8002048,0x00000000,-1,0x00000000,0x801a1e98,PLAY,1
17:37:49,78,10474055176,0x80073c2c,0x00000000,0x00,0x00000000,0xa8002048,0x00000000,-1,0x00000000,0x801a1e98,PLAY,1
17:37:50,78,10508483445,0x80089078,0x00000000,0x00,0x00000000,0xa8002048,0x00000000,-1,0x00000000,0x801a1e98,PLAY,1
17:37:51,78,10542347331,0x80073c2c,0x00000000,0x00,0x00000000,0xa8002048,0x00000000,-1,0x00000000,0x801a1e98,PLAY,1
17:37:52,78,10576775607,0x80073be4,0x00000000,0x00,0x00000000,0xa8002048,0x00000000,-1,0x00000000,0x801a1e98,PLAY,1
17:37:53,78,10611768281,0x80073c2c,0x00000000,0x00,0x00000000,0xa8002048,0x00000000,-1,0x00000000,0x801a1e98,PLAY,1
17:37:54,78,10642810179,0x80073c2c,0x00000000,0x00,0x00000000,0xa8002048,0x00000000,-1,0x00000000,0x801a1e98,PLAY,1
17:37:55,78,10677802858,0x80073c2c,0x00000000,0x00,0x00000000,0xa8002048,0x00000000,-1,0x00000000,0x801a1e98,PLAY,1
17:37:56,78,10712231133,0x80073c2c,0x00000000,0x00,0x00000000,0xa8002048,0x00000000,-1,0x00000000,0x801a1e98,PLAY,1
17:37:57,78,10746095007,0x80073c2c,0x00000000,0x00,0x00000000,0xa8002048,0x00000000,-1,0x00000000,0x801a1e98,PLAY,1
17:37:58,78,10780523290,0x80073be4,0x00000000,0x00,0x00000000,0xa8002048,0x00000000,-1,0x00000000,0x801a1e98,PLAY,1
17:37:59,78,10815515956,0x80073be4,0x00000000,0x00,0x00000000,0xa8002048,0x00000000,-1,0x00000000,0x801a1e98,PLAY,1
17:38:00,78,10849944245,0x80073c2c,0x00000000,0x00,0x00000000,0xa8002048,0x00000000,-1,0x00000000,0x801a1e98,PLAY,1
17:38:01,78,10883808130,0x80073c2c,0x00000000,0x00,0x00000000,0xa8002048,0x00000000,-1,0x00000000,0x801a1e98,PLAY,1
17:38:02,78,10918800800,0x80073c2c,0x00000000,0x00,0x00000000,0xa8002048,0x00000000,-1,0x00000000,0x801a1e98,PLAY,1
17:38:03,78,10953793476,0x80073c2c,0x00000000,0x00,0x00000000,0xa8002048,0x00000000,-1,0x00000000,0x801a1e98,PLAY,1
17:38:04,78,10988221745,0x80073be4,0x00000000,0x00,0x00000000,0xa8002048,0x00000000,-1,0x00000000,0x801a1e98,PLAY,1
17:38:05,78,11023778818,0x80073be4,0x00000000,0x00,0x00000000,0xa8002048,0x00000000,-1,0x00000000,0x801a1e98,PLAY,1
17:38:06,78,11058207112,0x80073c2c,0x00000000,0x00,0x00000000,0xa8002048,0x00000000,-1,0x00000000,0x801a1e98,PLAY,1
17:38:07,78,11092635374,0x80073c2c,0x00000000,0x00,0x00000000,0xa8002048,0x00000000,-1,0x00000000,0x801a1e98,PLAY,1
17:38:08,78,11126499264,0x80073be4,0x00000000,0x00,0x00000000,0xa8002048,0x00000000,-1,0x00000000,0x801a1e98,PLAY,1
17:38:09,78,11160927546,0x80073c2c,0x00000000,0x00,0x00000000,0xa8002048,0x00000000,-1,0x00000000,0x801a1e98,PLAY,1
17:38:10,78,11195355818,0x80073c2c,0x00000000,0x00,0x00000000,0xa8002048,0x00000000,-1,0x00000000,0x801a1e98,PLAY,1
17:38:11,78,11230348490,0x80073be4,0x00000000,0x00,0x00000000,0xa8002048,0x00000000,-1,0x00000000,0x801a1e98,PLAY,1
17:38:12,78,11265341170,0x80073be4,0x00000000,0x00,0x00000000,0xa8002048,0x00000000,-1,0x00000000,0x801a1e98,PLAY,1
17:38:13,78,11299205043,0x80073c2c,0x00000000,0x00,0x00000000,0xa8002048,0x00000000,-1,0x00000000,0x801a1e98,PLAY,1
17:38:14,78,11334197723,0x80073c2c,0x00000000,0x00,0x00000000,0xa8002048,0x00000000,-1,0x00000000,0x801a1e98,PLAY,1
17:38:15,78,11368061596,0x80073be4,0x00000000,0x00,0x00000000,0xa8002048,0x00000000,-1,0x00000000,0x801a1e98,PLAY,1
17:38:16,78,11400796688,0x80073c2c,0x00000000,0x00,0x00000000,0xa8002048,0x00000000,-1,0x00000000,0x801a1e98,PLAY,1
17:38:17,78,11433531767,0x80073be4,0x00000000,0x00,0x00000000,0xa8002048,0x00000000,-1,0x00000000,0x801a1e98,PLAY,1
17:38:18,78,11465702455,0x80073be4,0x00000000,0x00,0x00000000,0xa8002048,0x00000000,-1,0x00000000,0x801a1e98,PLAY,1
17:38:19,78,11497873138,0x80073c2c,0x00000000,0x00,0x00000000,0xa8002048,0x00000000,-1,0x00000000,0x801a1e98,PLAY,1
17:38:20,78,11532865817,0x80073c2c,0x00000000,0x00,0x00000000,0xa8002048,0x00000000,-1,0x00000000,0x801a1e98,PLAY,1
17:38:21,78,11566729692,0x80073be4,0x00000000,0x00,0x00000000,0xa8002048,0x00000000,-1,0x00000000,0x801a1e98,PLAY,1
17:38:22,78,11601722369,0x80073be4,0x00000000,0x00,0x00000000,0xa8002048,0x00000000,-1,0x00000000,0x801a1e98,PLAY,1
17:38:23,78,11634457459,0x80073be4,0x00000000,0x00,0x00000000,0xa8002048,0x00000000,-1,0x00000000,0x801a1e98,PLAY,1
17:38:24,78,11668321335,0x80073be4,0x00000000,0x00,0x00000000,0xa8002048,0x00000000,-1,0x00000000,0x801a1e98,PLAY,1
17:38:25,78,11702749613,0x80073be4,0x00000000,0x00,0x00000000,0xa8002048,0x00000000,-1,0x00000000,0x801a1e98,PLAY,1
17:38:26,78,11737177895,0x80073be4,0x00000000,0x00,0x00000000,0xa8002048,0x00000000,-1,0x00000000,0x801a1e98,PLAY,1
17:38:27,78,11772734965,0x80073be4,0x00000000,0x00,0x00000000,0xa8002048,0x00000000,-1,0x00000000,0x801a1e98,PLAY,1
17:38:28,78,11807727643,0x80073be4,0x00000000,0x00,0x00000000,0xa8002048,0x00000000,-1,0x00000000,0x801a1e98,PLAY,1
