tick,cycles,pc,ra,fn,old,new,old_bit2,new_bit2,mode,d4d4,dest,d278,hp,d2e8,gp90,a0,a1,a2,a3,sp,insn_words
4,0x05aba0df,0xbfc065fc,0xbfc05f74,unknown,0x00000000,0x00000000,0,0,0x00000000,0x00,0x00000000,0x00000000,-1,0x00000000,0x00000000,0x800b6800,0x00000200,0x1f8010f0,0x1f8010b0,0x00008560,
9,0x0e7e8777,0x80072544,0xbfc03d50,unknown,0x00000000,0x00000000,0,0,0x00000000,0x00,0x00000000,0x00000000,-1,0x00000000,0x00000000,0x00000001,0x00000000,0x00000000,0x0000002a,0x801fff00,
11,0x1439d730,0x80034f4c,0x8003e730,unknown,0x00000000,0x00000000,0,0,0x00000000,0x00,0x00000000,0x00000000,-1,0x00000000,0x00000000,0x00000014,0x00000001,0x00000c60,0x8009d310,0x801fffb8,
12,0x1439d739,0x80034f4c,0x8003e730,unknown,0x00000000,0x00000000,0,0,0x00000000,0x00,0x00000000,0x00000000,-1,0x00000000,0x00000000,0x00000014,0x00000002,0x00000c60,0x8009d310,0x801fffb8,
13,0x1439d742,0x80034f4c,0x8003e730,unknown,0x00000000,0x00000000,0,0,0x00000000,0x00,0x00000000,0x00000000,-1,0x00000000,0x00000000,0x00000014,0x00000003,0x00000c60,0x8009d310,0x801fffb8,
14,0x1439d74b,0x80034f4c,0x8003e730,unknown,0x00000000,0x00000000,0,0,0x00000000,0x00,0x00000000,0x00000000,-1,0x00000000,0x00000000,0x00000014,0x00000004,0x00000c60,0x8009d310,0x801fffb8,
15,0x1439d754,0x80034f4c,0x8003e730,unknown,0x00000000,0x00000000,0,0,0x00000000,0x00,0x00000000,0x00000000,-1,0x00000000,0x00000000,0x00000014,0x00000005,0x00000c60,0x8009d310,0x801fffb8,
16,0x1439d75d,0x80034f4c,0x8003e730,unknown,0x00000000,0x00000000,0,0,0x00000000,0x00,0x00000000,0x00000000,-1,0x00000000,0x00000000,0x00000014,0x00000006,0x00000c60,0x8009d310,0x801fffb8,
17,0x1439d766,0x80034f4c,0x8003e730,unknown,0x00000000,0x00000000,0,0,0x00000000,0x00,0x00000000,0x00000000,-1,0x00000000,0x00000000,0x00000014,0x00000007,0x00000c60,0x8009d310,0x801fffb8,
18,0x1439d76f,0x80034f4c,0x8003e730,unknown,0x00000000,0x00000000,0,0,0x00000000,0x00,0x00000000,0x00000000,-1,0x00000000,0x00000000,0x00000014,0x00000008,0x00000c60,0x8009d310,0x801fffb8,
19,0x1439d778,0x80034f4c,0x8003e730,unknown,0x00000000,0x00000000,0,0,0x00000000,0x00,0x00000000,0x00000000,-1,0x00000000,0x00000000,0x00000014,0x00000009,0x00000c60,0x8009d310,0x801fffb8,
20,0x1439d781,0x80034f4c,0x8003e730,unknown,0x00000000,0x00000000,0,0,0x00000000,0x00,0x00000000,0x00000000,-1,0x00000000,0x00000000,0x00000014,0x0000000a,0x00000c60,0x8009d310,0x801fffb8,
21,0x1439d78a,0x80034f4c,0x8003e730,unknown,0x00000000,0x00000000,0,0,0x00000000,0x00,0x00000000,0x00000000,-1,0x00000000,0x00000000,0x00000014,0x0000000b,0x00000c60,0x8009d310,0x801fffb8,
22,0x1439d793,0x80034f4c,0x8003e730,unknown,0x00000000,0x00000000,0,0,0x00000000,0x00,0x00000000,0x00000000,-1,0x00000000,0x00000000,0x00000014,0x0000000c,0x00000c60,0x8009d310,0x801fffb8,
23,0x1439d79c,0x80034f4c,0x8003e730,unknown,0x00000000,0x00000000,0,0,0x00000000,0x00,0x00000000,0x00000000,-1,0x00000000,0x00000000,0x00000014,0x0000000d,0x00000c60,0x8009d310,0x801fffb8,
24,0x1439d7a5,0x80034f4c,0x8003e730,unknown,0x00000000,0x00000000,0,0,0x00000000,0x00,0x00000000,0x00000000,-1,0x00000000,0x00000000,0x00000014,0x0000000e,0x00000c60,0x8009d310,0x801fffb8,
25,0x1439d7ae,0x80034f4c,0x8003e730,unknown,0x00000000,0x00000000,0,0,0x00000000,0x00,0x00000000,0x00000000,-1,0x00000000,0x00000000,0x00000014,0x0000000f,0x00000c60,0x8009d310,0x801fffb8,
26,0x1439d7b7,0x80034f4c,0x8003e730,unknown,0x00000000,0x00000000,0,0,0x00000000,0x00,0x00000000,0x00000000,-1,0x00000000,0x00000000,0x00000014,0x00000010,0x00000c60,0x8009d310,0x801fffb8,
27,0x1439d7c0,0x80034f4c,0x8003e730,unknown,0x00000000,0x00000000,0,0,0x00000000,0x00,0x00000000,0x00000000,-1,0x00000000,0x00000000,0x00000014,0x00000011,0x00000c60,0x8009d310,0x801fffb8,
28,0x1439d7c9,0x80034f4c,0x8003e730,unknown,0x00000000,0x00000000,0,0,0x00000000,0x00,0x00000000,0x00000000,-1,0x00000000,0x00000000,0x00000014,0x00000012,0x00000c60,0x8009d310,0x801fffb8,
29,0x1439d7d2,0x80034f4c,0x8003e730,unknown,0x00000000,0x00000000,0,0,0x00000000,0x00,0x00000000,0x00000000,-1,0x00000000,0x00000000,0x00000014,0x00000013,0x00000c60,0x8009d310,0x801fffb8,
30,0x1439d7db,0x80034f4c,0x8003e730,unknown,0x00000000,0x00000000,0,0,0x00000000,0x00,0x00000000,0x00000000,-1,0x00000000,0x00000000,0x00000014,0x00000014,0x00000c60,0x8009d310,0x801fffb8,
31,0x1439d7e4,0x80034f4c,0x8003e730,unknown,0x00000000,0x00000000,0,0,0x00000000,0x00,0x00000000,0x00000000,-1,0x00000000,0x00000000,0x00000014,0x00000015,0x00000c60,0x8009d310,0x801fffb8,
32,0x1439d7ed,0x80034f4c,0x8003e730,unknown,0x00000000,0x00000000,0,0,0x00000000,0x00,0x00000000,0x00000000,-1,0x00000000,0x00000000,0x00000014,0x00000016,0x00000c60,0x8009d310,0x801fffb8,
33,0x1439d7f6,0x80034f4c,0x8003e730,unknown,0x00000000,0x00000000,0,0,0x00000000,0x00,0x00000000,0x00000000,-1,0x00000000,0x00000000,0x00000014,0x00000017,0x00000c60,0x8009d310,0x801fffb8,
34,0x1439d7ff,0x80034f4c,0x8003e730,unknown,0x00000000,0x00000000,0,0,0x00000000,0x00,0x00000000,0x00000000,-1,0x00000000,0x00000000,0x00000014,0x00000018,0x00000c60,0x8009d310,0x801fffb8,
35,0x1439d808,0x80034f4c,0x8003e730,unknown,0x00000000,0x00000000,0,0,0x00000000,0x00,0x00000000,0x00000000,-1,0x00000000,0x00000000,0x00000014,0x00000019,0x00000c60,0x8009d310,0x801fffb8,
36,0x1439d811,0x80034f4c,0x8003e730,unknown,0x00000000,0x00000000,0,0,0x00000000,0x00,0x00000000,0x00000000,-1,0x00000000,0x00000000,0x00000014,0x0000001a,0x00000c60,0x8009d310,0x801fffb8,
37,0x1439d81a,0x80034f4c,0x8003e730,unknown,0x00000000,0x00000000,0,0,0x00000000,0x00,0x00000000,0x00000000,-1,0x00000000,0x00000000,0x00000014,0x0000001b,0x00000c60,0x8009d310,0x801fffb8,
38,0x1439d823,0x80034f4c,0x8003e730,unknown,0x00000000,0x00000000,0,0,0x00000000,0x00,0x00000000,0x00000000,-1,0x00000000,0x00000000,0x00000014,0x0000001c,0x00000c60,0x8009d310,0x801fffb8,
39,0x1439d82c,0x80034f4c,0x8003e730,unknown,0x00000000,0x00000000,0,0,0x00000000,0x00,0x00000000,0x00000000,-1,0x00000000,0x00000000,0x00000014,0x0000001d,0x00000c60,0x8009d310,0x801fffb8,
40,0x1439d835,0x80034f4c,0x8003e730,unknown,0x00000000,0x00000000,0,0,0x00000000,0x00,0x00000000,0x00000000,-1,0x00000000,0x00000000,0x00000014,0x0000001e,0x00000c60,0x8009d310,0x801fffb8,
41,0x1439d83e,0x80034f4c,0x8003e730,unknown,0x00000000,0x00000000,0,0,0x00000000,0x00,0x00000000,0x00000000,-1,0x00000000,0x00000000,0x00000014,0x0000001f,0x00000c60,0x8009d310,0x801fffb8,
42,0x1439d847,0x80034f4c,0x8003e730,unknown,0x00000000,0x00000000,0,0,0x00000000,0x00,0x00000000,0x00000000,-1,0x00000000,0x00000000,0x00000014,0x00000020,0x00000c60,0x8009d310,0x801fffb8,
43,0x1439d850,0x80034f4c,0x8003e730,unknown,0x00000000,0x00000000,0,0,0x00000000,0x00,0x00000000,0x00000000,-1,0x00000000,0x00000000,0x00000014,0x00000021,0x00000c60,0x8009d310,0x801fffb8,
44,0x1439d859,0x80034f4c,0x8003e730,unknown,0x00000000,0x00000000,0,0,0x00000000,0x00,0x00000000,0x00000000,-1,0x00000000,0x00000000,0x00000014,0x00000022,0x00000c60,0x8009d310,0x801fffb8,
45,0x1439d862,0x80034f4c,0x8003e730,unknown,0x00000000,0x00000000,0,0,0x00000000,0x00,0x00000000,0x00000000,-1,0x00000000,0x00000000,0x00000014,0x00000023,0x00000c60,0x8009d310,0x801fffb8,
46,0x1439d86b,0x80034f4c,0x8003e730,unknown,0x00000000,0x00000000,0,0,0x00000000,0x00,0x00000000,0x00000000,-1,0x00000000,0x00000000,0x00000014,0x00000024,0x00000c60,0x8009d310,0x801fffb8,
47,0x1439d874,0x80034f4c,0x8003e730,unknown,0x00000000,0x00000000,0,0,0x00000000,0x00,0x00000000,0x00000000,-1,0x00000000,0x00000000,0x00000014,0x00000025,0x00000c60,0x8009d310,0x801fffb8,
48,0x1439d87d,0x80034f4c,0x8003e730,unknown,0x00000000,0x00000000,0,0,0x00000000,0x00,0x00000000,0x00000000,-1,0x00000000,0x00000000,0x00000014,0x00000026,0x00000c60,0x8009d310,0x801fffb8,
49,0x1439d886,0x80034f4c,0x8003e730,unknown,0x00000000,0x00000000,0,0,0x00000000,0x00,0x00000000,0x00000000,-1,0x00000000,0x00000000,0x00000014,0x00000027,0x00000c60,0x8009d310,0x801fffb8,
50,0x1439d88f,0x80034f4c,0x8003e730,unknown,0x00000000,0x00000000,0,0,0x00000000,0x00,0x00000000,0x00000000,-1,0x00000000,0x00000000,0x00000014,0x00000028,0x00000c60,0x8009d310,0x801fffb8,
51,0x1439d898,0x80034f4c,0x8003e730,unknown,0x00000000,0x00000000,0,0,0x00000000,0x00,0x00000000,0x00000000,-1,0x00000000,0x00000000,0x00000014,0x00000029,0x00000c60,0x8009d310,0x801fffb8,
52,0x1439d8a1,0x80034f4c,0x8003e730,unknown,0x00000000,0x00000000,0,0,0x00000000,0x00,0x00000000,0x00000000,-1,0x00000000,0x00000000,0x00000014,0x0000002a,0x00000c60,0x8009d310,0x801fffb8,
53,0x1439d8aa,0x80034f4c,0x8003e730,unknown,0x00000000,0x00000000,0,0,0x00000000,0x00,0x00000000,0x00000000,-1,0x00000000,0x00000000,0x00000014,0x0000002b,0x00000c60,0x8009d310,0x801fffb8,
54,0x1439d8b3,0x80034f4c,0x8003e730,unknown,0x00000000,0x00000000,0,0,0x00000000,0x00,0x00000000,0x00000000,-1,0x00000000,0x00000000,0x00000014,0x0000002c,0x00000c60,0x8009d310,0x801fffb8,
55,0x1439d8bc,0x80034f4c,0x8003e730,unknown,0x00000000,0x00000000,0,0,0x00000000,0x00,0x00000000,0x00000000,-1,0x00000000,0x00000000,0x00000014,0x0000002d,0x00000c60,0x8009d310,0x801fffb8,
56,0x1439d8c5,0x80034f4c,0x8003e730,unknown,0x00000000,0x00000000,0,0,0x00000000,0x00,0x00000000,0x00000000,-1,0x00000000,0x00000000,0x00000014,0x0000002e,0x00000c60,0x8009d310,0x801fffb8,
57,0x1439d8ce,0x80034f4c,0x8003e730,unknown,0x00000000,0x00000000,0,0,0x00000000,0x00,0x00000000,0x00000000,-1,0x00000000,0x00000000,0x00000014,0x0000002f,0x00000c60,0x8009d310,0x801fffb8,
58,0x1439d8d7,0x80034f4c,0x8003e730,unknown,0x00000000,0x00000000,0,0,0x00000000,0x00,0x00000000,0x00000000,-1,0x00000000,0x00000000,0x00000014,0x00000030,0x00000c60,0x8009d310,0x801fffb8,
59,0x1439d8e0,0x80034f4c,0x8003e730,unknown,0x00000000,0x00000000,0,0,0x00000000,0x00,0x00000000,0x00000000,-1,0x00000000,0x00000000,0x00000014,0x00000031,0x00000c60,0x8009d310,0x801fffb8,
60,0x1439d8e9,0x80034f4c,0x8003e730,unknown,0x00000000,0x00000000,0,0,0x00000000,0x00,0x00000000,0x00000000,-1,0x00000000,0x00000000,0x00000014,0x00000032,0x00000c60,0x8009d310,0x801fffb8,
61,0x1439d8f2,0x80034f4c,0x8003e730,unknown,0x00000000,0x00000000,0,0,0x00000000,0x00,0x00000000,0x00000000,-1,0x00000000,0x00000000,0x00000014,0x00000033,0x00000c60,0x8009d310,0x801fffb8,
62,0x1439d8fb,0x80034f4c,0x8003e730,unknown,0x00000000,0x00000000,0,0,0x00000000,0x00,0x00000000,0x00000000,-1,0x00000000,0x00000000,0x00000014,0x00000034,0x00000c60,0x8009d310,0x801fffb8,
63,0x1439d904,0x80034f4c,0x8003e730,unknown,0x00000000,0x00000000,0,0,0x00000000,0x00,0x00000000,0x00000000,-1,0x00000000,0x00000000,0x00000014,0x00000035,0x00000c60,0x8009d310,0x801fffb8,
64,0x1439d90d,0x80034f4c,0x8003e730,unknown,0x00000000,0x00000000,0,0,0x00000000,0x00,0x00000000,0x00000000,-1,0x00000000,0x00000000,0x00000014,0x00000036,0x00000c60,0x8009d310,0x801fffb8,
65,0x1439d916,0x80034f4c,0x8003e730,unknown,0x00000000,0x00000000,0,0,0x00000000,0x00,0x00000000,0x00000000,-1,0x00000000,0x00000000,0x00000014,0x00000037,0x00000c60,0x8009d310,0x801fffb8,
66,0x1439d91f,0x80034f4c,0x8003e730,unknown,0x00000000,0x00000000,0,0,0x00000000,0x00,0x00000000,0x00000000,-1,0x00000000,0x00000000,0x00000014,0x00000038,0x00000c60,0x8009d310,0x801fffb8,
67,0x1439d928,0x80034f4c,0x8003e730,unknown,0x00000000,0x00000000,0,0,0x00000000,0x00,0x00000000,0x00000000,-1,0x00000000,0x00000000,0x00000014,0x00000039,0x00000c60,0x8009d310,0x801fffb8,
68,0x1439d931,0x80034f4c,0x8003e730,unknown,0x00000000,0x00000000,0,0,0x00000000,0x00,0x00000000,0x00000000,-1,0x00000000,0x00000000,0x00000014,0x0000003a,0x00000c60,0x8009d310,0x801fffb8,
69,0x1439d93a,0x80034f4c,0x8003e730,unknown,0x00000000,0x00000000,0,0,0x00000000,0x00,0x00000000,0x00000000,-1,0x00000000,0x00000000,0x00000014,0x0000003b,0x00000c60,0x8009d310,0x801fffb8,
70,0x1439d943,0x80034f4c,0x8003e730,unknown,0x00000000,0x00000000,0,0,0x00000000,0x00,0x00000000,0x00000000,-1,0x00000000,0x00000000,0x00000014,0x0000003c,0x00000c60,0x8009d310,0x801fffb8,
71,0x1439d94c,0x80034f4c,0x8003e730,unknown,0x00000000,0x00000000,0,0,0x00000000,0x00,0x00000000,0x00000000,-1,0x00000000,0x00000000,0x00000014,0x0000003d,0x00000c60,0x8009d310,0x801fffb8,
72,0x1439d955,0x80034f4c,0x8003e730,unknown,0x00000000,0x00000000,0,0,0x00000000,0x00,0x00000000,0x00000000,-1,0x00000000,0x00000000,0x00000014,0x0000003e,0x00000c60,0x8009d310,0x801fffb8,
73,0x1439d95e,0x80034f4c,0x8003e730,unknown,0x00000000,0x00000000,0,0,0x00000000,0x00,0x00000000,0x00000000,-1,0x00000000,0x00000000,0x00000014,0x0000003f,0x00000c60,0x8009d310,0x801fffb8,
74,0x1439d967,0x80034f4c,0x8003e730,unknown,0x00000000,0x00000000,0,0,0x00000000,0x00,0x00000000,0x00000000,-1,0x00000000,0x00000000,0x00000014,0x00000040,0x00000c60,0x8009d310,0x801fffb8,
78,0x7c09234f,0x800126e0,0x8003f0c0,unknown,0x00000000,0x00000000,0,0,0x00000000,0x00,0xa8002048,0x00000000,-1,0x00000000,0x00000000,0x00000000,0x8009d33c,0x00000002,0x801ed814,0x801fff70,
