index,index_hex,rw,operation,value,value_hex,scene,table_index,module,script_pc,handler,opcode,modes,args,src_bank,dst_bank,alu_desc,signedness,branch_consequence,notes
1,0x1,read,alu_eq,10,0xA,m0002i,1,0,+0x00D0,0x80012850,0x09,0 3 2 0,0xB 0x0 0x1 0xA,persist,cond,dst = (a == b),bit_exact,skip-if-false -> +0x0F3C,a
1,0x1,read,alu_eq,3,0x3,m0002i,1,0,+0x0128,0x80012850,0x09,0 3 2 0,0xB 0x0 0x1 0x3,persist,cond,dst = (a == b),bit_exact,skip-if-false -> +0x0F94,a
74,0x4A,read,alu_slt_ab,9,0x9,m0002i,1,0,+0x018C,0x80012850,0x09,0 3 2 0,0xA 0x0 0x4A 0x9,persist,cond,dst = (a < b) signed,slt,skip-if-false -> +0x10B8,a
0,0x0,read,alu_and,2,0x2,m0002i,1,0,+0x01D8,0x80012850,0x09,0 3 2 0,0x3 0x0 0x0 0x2,persist,cond,dst = a & b,u32,skip-if-false -> +0x1020,a
0,0x0,read,alu_and,4294967293,0xFFFFFFFD,m0002i,1,0,+0x0250,0x80012850,0x09,0 3 2 0,0x3 0x0 0x0 0xFFFFFFFD,persist,cond,dst = a & b,u32,,a
0,0x0,write,assign,,,m0002i,1,0,+0x0268,0x800173F4,0x0A,2 3,0x0 0x0,cond,persist,,,,
74,0x4A,write,assign,9,0x9,m0002i,1,0,+0x0278,0x800173F4,0x0A,2 0,0x4A 0x9,imm,persist,,,,
74,0x4A,read,alu_slt_ab,9,0x9,m0002i,1,1,+0x0460,0x80012850,0x09,0 3 2 0,0xA 0x0 0x4A 0x9,persist,cond,dst = (a < b) signed,slt,skip-if-false -> +0x0F48,a
74,0x4A,read,alu_sge_ab,9,0x9,m0002i,1,1,+0x04BC,0x80012850,0x09,0 3 2 0,0xC 0x0 0x4A 0x9,persist,cond,dst = (a >= b) signed,slt,skip-if-false -> +0x0F9C,a
74,0x4A,read,alu_sge_ab,9,0x9,m0002i,1,2,+0x06C0,0x80012850,0x09,0 3 2 0,0xC 0x0 0x4A 0x9,persist,cond,dst = (a >= b) signed,slt,skip-if-false -> +0x10EC,a
1,0x1,write,assign,2,0x2,m0002i,1,5,+0x0EE4,0x800173F4,0x0A,2 0,0x1 0x2,imm,persist,,,,
1,0x1,read,alu_eq,1,0x1,m0003i,2,0,+0x00C4,0x80012850,0x09,0 3 2 0,0xB 0x0 0x1 0x1,persist,cond,dst = (a == b),bit_exact,skip-if-false -> +0x0E2C,a
1,0x1,read,alu_eq,2,0x2,m0003i,2,0,+0x011C,0x80012850,0x09,0 3 2 0,0xB 0x0 0x1 0x2,persist,cond,dst = (a == b),bit_exact,skip-if-false -> +0x0E84,a
1,0x1,read,alu_eq,377,0x179,m0003i,2,0,+0x0174,0x80012850,0x09,0 3 2 0,0xB 0x0 0x1 0x179,persist,cond,dst = (a == b),bit_exact,skip-if-false -> +0x0EDC,a
1,0x1,read,alu_eq,4,0x4,m0003i,2,0,+0x01CC,0x80012850,0x09,0 3 2 0,0xB 0x0 0x1 0x4,persist,cond,dst = (a == b),bit_exact,skip-if-false -> +0x0F34,a
25,0x19,read,alu_and,134217728,0x8000000,m0003i,2,0,+0x03E4,0x80012850,0x09,0 3 2 0,0x3 0x0 0x19 0x8000000,persist,cond,dst = a & b,u32,,a
74,0x4A,read,alu_sge_ab,17,0x11,m0003i,2,0,+0x0560,0x80012850,0x09,0 3 2 0,0xC 0x0 0x4A 0x11,persist,cond,dst = (a >= b) signed,slt,skip-if-false -> +0x12B0,a
74,0x4A,read,alu_slt_ab,24,0x18,m0003i,2,1,+0x063C,0x80012850,0x09,0 3 2 0,0xA 0x0 0x4A 0x18,persist,cond,dst = (a < b) signed,slt,skip-if-false -> +0x0E04,a
25,0x19,read,alu_and,134217728,0x8000000,m0003i,2,1,+0x06D0,0x80012850,0x09,0 3 2 0,0x3 0x0 0x19 0x8000000,persist,cond,dst = a & b,u32,skip-if-false -> +0x0E90,a
1,0x1,write,assign,3,0x3,m0003i,2,1,+0x0718,0x800173F4,0x0A,2 0,0x1 0x3,imm,persist,,,,
25,0x19,read,alu_and,134217728,0x8000000,m0003i,2,2,+0x09C0,0x80012850,0x09,0 3 2 0,0x3 0x0 0x19 0x8000000,persist,cond,dst = a & b,u32,,a
25,0x19,read,alu_or,134217728,0x8000000,m0003i,2,2,+0x0A80,0x80012850,0x09,0 3 2 0,0x2 0x0 0x19 0x8000000,persist,cond,dst = a | b,u32,,a
25,0x19,write,assign,,,m0003i,2,2,+0x0A98,0x800173F4,0x0A,2 3,0x19 0x0,cond,persist,,,,
74,0x4A,read,alu_slt_ab,48,0x30,m0003i,2,5,+0x0DD4,0x80012850,0x09,0 3 2 0,0xA 0x0 0x4A 0x30,persist,cond,dst = (a < b) signed,slt,skip-if-false -> +0x0E70,a
25,0x19,read,alu_and,134217728,0x8000000,m0003i,2,5,+0x0DFC,0x80012850,0x09,0 3 2 0,0x3 0x1 0x19 0x8000000,persist,cond,dst = a & b,u32,skip-if-false -> +0x0E44,a
74,0x4A,write,assign,18,0x12,m0372i,371,1,+0x04E4,0x800173F4,0x0A,2 0,0x4A 0x12,imm,persist,,,,
74,0x4A,write,assign,17,0x11,m0372i,371,2,+0x07F8,0x800173F4,0x0A,2 0,0x4A 0x11,imm,persist,,,,
74,0x4A,read,alu_slt_ab,16,0x10,m0372i,371,3,+0x0954,0x80012850,0x09,0 3 2 0,0xA 0x0 0x4A 0x10,persist,cond,dst = (a < b) signed,slt,skip-if-false -> +0x154C,a
0,0x0,read,alu_and,4,0x4,m0372i,371,3,+0x09C4,0x80012850,0x09,0 3 2 0,0x3 0x0 0x0 0x4,persist,cond,dst = a & b,u32,skip-if-false -> +0x1290,a
0,0x0,read,alu_or,2,0x2,m0372i,371,3,+0x0A74,0x80012850,0x09,0 3 2 0,0x2 0x1 0x0 0x2,persist,cond,dst = a | b,u32,,a
0,0x0,write,assign,,,m0372i,371,3,+0x0A8C,0x800173F4,0x0A,2 3,0x0 0x1,cond,persist,,,,
74,0x4A,write,assign,18,0x12,m0372i,371,3,+0x0D48,0x800173F4,0x0A,2 0,0x4A 0x12,imm,persist,,,,
74,0x4A,read,alu_slt_ab,24,0x18,m0004i,3,0,+0x0078,0x80012850,0x09,0 3 2 0,0xA 0x0 0x4A 0x18,persist,cond,dst = (a < b) signed,slt,skip-if-false -> +0x0F30,a
1,0x1,read,alu_eq,5,0x5,m0004i,3,0,+0x00CC,0x80012850,0x09,0 3 2 0,0xB 0x0 0x1 0x5,persist,cond,dst = (a == b),bit_exact,skip-if-false -> +0x1020,a
24,0x18,read,alu_and,1,0x1,m0004i,3,0,+0x0100,0x80012850,0x09,0 3 2 0,0x3 0x0 0x18 0x1,persist,cond,dst = a & b,u32,skip-if-false -> +0x0FF0,a
24,0x18,read,alu_and,4294967294,0xFFFFFFFE,m0004i,3,0,+0x0158,0x80012850,0x09,0 3 2 0,0x3 0x0 0x18 0xFFFFFFFE,persist,cond,dst = a & b,u32,,a
24,0x18,write,assign,,,m0004i,3,0,+0x0170,0x800173F4,0x0A,2 3,0x18 0x0,cond,persist,,,,
1,0x1,read,alu_eq,3,0x3,m0004i,3,0,+0x01BC,0x80012850,0x09,0 3 2 0,0xB 0x0 0x1 0x3,persist,cond,dst = (a == b),bit_exact,skip-if-false -> +0x1084,a
1,0x1,read,alu_eq,378,0x17A,m0004i,3,0,+0x0220,0x80012850,0x09,0 3 2 0,0xB 0x0 0x1 0x17A,persist,cond,dst = (a == b),bit_exact,skip-if-false -> +0x10E8,a
74,0x4A,read,alu_slt_ab,24,0x18,m0004i,3,0,+0x02F0,0x80012850,0x09,0 3 2 0,0xA 0x0 0x4A 0x18,persist,cond,dst = (a < b) signed,slt,skip-if-false -> +0x1424,a
0,0x0,read,alu_and,2,0x2,m0004i,3,0,+0x033C,0x80012850,0x09,0 3 2 0,0x3 0x0 0x0 0x2,persist,cond,dst = a & b,u32,skip-if-false -> +0x11D4,a
0,0x0,read,alu_and,4294967293,0xFFFFFFFD,m0004i,3,0,+0x051C,0x80012850,0x09,0 3 2 0,0x3 0x0 0x0 0xFFFFFFFD,persist,cond,dst = a & b,u32,,a
0,0x0,write,assign,,,m0004i,3,0,+0x0534,0x800173F4,0x0A,2 3,0x0 0x0,cond,persist,,,,
74,0x4A,write,assign,24,0x18,m0004i,3,0,+0x0544,0x800173F4,0x0A,2 0,0x4A 0x18,imm,persist,,,,
1,0x1,write,assign,4,0x4,m0004i,3,0,+0x06AC,0x800173F4,0x0A,2 0,0x1 0x4,imm,persist,,,,
24,0x18,read,alu_or,1,0x1,m0004i,3,0,+0x071C,0x80012850,0x09,0 3 2 0,0x2 0x0 0x18 0x1,persist,cond,dst = a | b,u32,,a
24,0x18,write,assign,,,m0004i,3,0,+0x0734,0x800173F4,0x0A,2 3,0x18 0x0,cond,persist,,,,
1,0x1,write,assign,4,0x4,m0004i,3,0,+0x07C0,0x800173F4,0x0A,2 0,0x1 0x4,imm,persist,,,,
74,0x4A,read,alu_slt_ab,40,0x28,m0004i,3,1,+0x0B4C,0x80012850,0x09,0 3 2 0,0xA 0x0 0x4A 0x28,persist,cond,dst = (a < b) signed,slt,skip-if-false -> +0x0F80,a
0,0x0,read,alu_and,2,0x2,m0004i,3,1,+0x0B90,0x80012850,0x09,0 3 2 0,0x3 0x0 0x0 0x2,persist,cond,dst = a & b,u32,,a
74,0x4A,read,alu_slt_ab,24,0x18,m0004i,3,1,+0x0BD0,0x80012850,0x09,0 3 2 0,0xA 0x2 0x4A 0x18,persist,cond,dst = (a < b) signed,slt,skip-if-false -> +0x1004,a
74,0x4A,read,alu_sge_ab,24,0x18,m0004i,3,1,+0x0C20,0x80012850,0x09,0 3 2 0,0xC 0x0 0x4A 0x18,persist,cond,dst = (a >= b) signed,slt,skip-if-false -> +0x1064,a
1,0x1,write,assign,4,0x4,m0004i,3,4,+0x0F30,0x800173F4,0x0A,2 0,0x1 0x4,imm,persist,,,,
1,0x1,read,alu_eq,1,0x1,m0378i,377,0,+0x00A8,0x80012850,0x09,0 3 2 0,0xB 0x0 0x1 0x1,persist,cond,dst = (a == b),bit_exact,skip-if-false -> +0x0728,a
1,0x1,read,alu_eq,377,0x179,m0378i,377,0,+0x0100,0x80012850,0x09,0 3 2 0,0xB 0x0 0x1 0x179,persist,cond,dst = (a == b),bit_exact,skip-if-false -> +0x0780,a
1,0x1,read,alu_eq,4,0x4,m0378i,377,0,+0x0158,0x80012850,0x09,0 3 2 0,0xB 0x0 0x1 0x4,persist,cond,dst = (a == b),bit_exact,skip-if-false -> +0x07D8,a
1,0x1,write,assign,378,0x17A,m0378i,377,0,+0x0380,0x800173F4,0x0A,2 0,0x1 0x17A,imm,persist,,,,
74,0x4A,read,alu_slt_ba,120,0x78,m0378i,377,1,+0x044C,0x80012850,0x09,0 3 2 0,0x9 0x0 0x4A 0x78,persist,cond,dst = (b < a) signed,slt,skip-if-false -> +0x071C,a
74,0x4A,read,alu_slt_ab,48,0x30,m0378i,377,4,+0x06E8,0x80012850,0x09,0 3 2 0,0xA 0x0 0x4A 0x30,persist,cond,dst = (a < b) signed,slt,skip-if-false -> +0x074C,a
1,0x1,write,assign,378,0x17A,m0378i,377,4,+0x0724,0x800173F4,0x0A,2 0,0x1 0x17A,imm,persist,,,,
1,0x1,write,assign,378,0x17A,m0378i,377,4,+0x0760,0x800173F4,0x0A,2 0,0x1 0x17A,imm,persist,,,,
1,0x1,read,alu_eq,378,0x17A,m0377i,376,0,+0x00B8,0x80012850,0x09,0 3 2 0,0xB 0x0 0x1 0x17A,persist,cond,dst = (a == b),bit_exact,skip-if-false -> +0x07A4,a
1,0x1,read,alu_eq,999,0x3E7,m0377i,376,0,+0x0110,0x80012850,0x09,0 3 2 0,0xB 0x0 0x1 0x3E7,persist,cond,dst = (a == b),bit_exact,skip-if-false -> +0x07FC,a
1,0x1,write,assign,377,0x179,m0377i,376,5,+0x0764,0x800173F4,0x0A,2 0,0x1 0x179,imm,persist,,,,
24,0x18,read,alu_and,2,0x2,m0001i,0,0,+0x00C4,0x80012850,0x09,0 3 2 0,0x3 0x0 0x18 0x2,persist,cond,dst = a & b,u32,,a
0,0x0,read,alu_and,4,0x4,m0001i,0,0,+0x0128,0x80012850,0x09,0 3 2 0,0x3 0x0 0x0 0x4,persist,cond,dst = a & b,u32,skip-if-false -> +0x17BC,a
0,0x0,read,alu_or,2,0x2,m0001i,0,0,+0x01D0,0x80012850,0x09,0 3 2 0,0x2 0x1 0x0 0x2,persist,cond,dst = a | b,u32,,a
0,0x0,write,assign,,,m0001i,0,0,+0x01E8,0x800173F4,0x0A,2 3,0x0 0x1,cond,persist,,,,
24,0x18,read,alu_or,2,0x2,m0001i,0,0,+0x037C,0x80012850,0x09,0 3 2 0,0x2 0x0 0x18 0x2,persist,cond,dst = a | b,u32,,a
24,0x18,write,assign,,,m0001i,0,0,+0x0394,0x800173F4,0x0A,2 3,0x18 0x0,cond,persist,,,,
1,0x1,write,assign,1,0x1,m0001i,0,0,+0x04F8,0x800173F4,0x0A,2 0,0x1 0x1,imm,persist,,,,
24,0x18,read,alu_and,2,0x2,m0001i,0,1,+0x07F4,0x80012850,0x09,0 3 2 0,0x3 0x0 0x18 0x2,persist,cond,dst = a & b,u32,skip-if-false -> +0x1718,a
24,0x18,read,alu_and,2,0x2,m0001i,0,3,+0x0DA4,0x80012850,0x09,0 3 2 0,0x3 0x0 0x18 0x2,persist,cond,dst = a & b,u32,,a
26,0x1A,read,alu_eq,10,0xA,m0001i,0,4,+0x1328,0x80012850,0x09,0 3 2 0,0xB 0x0 0x1A 0xA,persist,cond,dst = (a == b),bit_exact,skip-if-false -> +0x1858,a
26,0x1A,read,alu_add,1,0x1,m0001i,0,4,+0x1428,0x80012850,0x09,0 3 2 0,0x0 0x0 0x1A 0x1,persist,cond,dst = a + b,i32_wrap,,a
26,0x1A,write,assign,,,m0001i,0,4,+0x1440,0x800173F4,0x0A,2 3,0x1A 0x0,cond,persist,,,,
1,0x1,write,assign,2,0x2,m0001i,0,5,+0x1688,0x800173F4,0x0A,2 0,0x1 0x2,imm,persist,,,,
1,0x1,read,alu_eq,4,0x4,m0005i,4,0,+0x00B0,0x80012850,0x09,0 3 2 0,0xB 0x0 0x1 0x4,persist,cond,dst = (a == b),bit_exact,skip-if-false -> +0x32C0,a
24,0x18,read,alu_and,1,0x1,m0005i,4,0,+0x00D8,0x80012850,0x09,0 3 2 0,0x3 0x1 0x18 0x1,persist,cond,dst = a & b,u32,skip-if-false -> +0x3290,a
1,0x1,read,alu_eq,9,0x9,m0005i,4,0,+0x016C,0x80012850,0x09,0 3 2 0,0xB 0x0 0x1 0x9,persist,cond,dst = (a == b),bit_exact,skip-if-false -> +0x33A4,a
24,0x18,read,alu_and,1,0x1,m0005i,4,0,+0x0194,0x80012850,0x09,0 3 2 0,0x3 0x1 0x18 0x1,persist,cond,dst = a & b,u32,skip-if-false -> +0x3374,a
24,0x18,read,alu_and,4294967294,0xFFFFFFFE,m0005i,4,0,+0x01EC,0x80012850,0x09,0 3 2 0,0x3 0x0 0x18 0xFFFFFFFE,persist,cond,dst = a & b,u32,,a
24,0x18,write,assign,,,m0005i,4,0,+0x0204,0x800173F4,0x0A,2 3,0x18 0x0,cond,persist,,,,
74,0x4A,read,alu_eq,39,0x27,m0005i,4,0,+0x0250,0x80012850,0x09,0 3 2 0,0xB 0x0 0x4A 0x27,persist,cond,dst = (a == b),bit_exact,skip-if-false -> +0x3460,a
24,0x18,read,alu_and,1,0x1,m0005i,4,0,+0x0278,0x80012850,0x09,0 3 2 0,0x3 0x1 0x18 0x1,persist,cond,dst = a & b,u32,skip-if-false -> +0x3430,a
74,0x4A,read,alu_eq,39,0x27,m0005i,4,0,+0x0318,0x80012850,0x09,0 3 2 0,0xB 0x0 0x4A 0x27,persist,cond,dst = (a == b),bit_exact,skip-if-false -> +0x3780,a
0,0x0,read,alu_and,2,0x2,m0005i,4,0,+0x0394,0x80012850,0x09,0 3 2 0,0x3 0x0 0x0 0x2,persist,cond,dst = a & b,u32,,a
0,0x0,read,alu_and,4294967293,0xFFFFFFFD,m0005i,4,0,+0x05D8,0x80012850,0x09,0 3 2 0,0x3 0x0 0x0 0xFFFFFFFD,persist,cond,dst = a & b,u32,,a
0,0x0,write,assign,,,m0005i,4,0,+0x05F0,0x800173F4,0x0A,2 3,0x0 0x0,cond,persist,,,,
74,0x4A,write,assign,40,0x28,m0005i,4,0,+0x0600,0x800173F4,0x0A,2 0,0x4A 0x28,imm,persist,,,,
24,0x18,read,alu_and,1,0x1,m0005i,4,0,+0x07D0,0x80012850,0x09,0 3 2 0,0x3 0x0 0x18 0x1,persist,cond,dst = a & b,u32,skip-if-false -> +0x3988,a
0,0x0,read,alu_and,4,0x4,m0005i,4,0,+0x091C,0x80012850,0x09,0 3 2 0,0x3 0x0 0x0 0x4,persist,cond,dst = a & b,u32,skip-if-false -> +0x3B4C,a
0,0x0,read,alu_or,2,0x2,m0005i,4,0,+0x09C4,0x80012850,0x09,0 3 2 0,0x2 0x1 0x0 0x2,persist,cond,dst = a | b,u32,,a
0,0x0,write,assign,,,m0005i,4,0,+0x09DC,0x800173F4,0x0A,2 3,0x0 0x1,cond,persist,,,,
10,0xA,read,alu_and,2147483648,0x80000000,m0005i,4,0,+0x0C3C,0x80012850,0x09,0 3 2 0,0x3 0x0 0xA 0x80000000,persist,cond,dst = a & b,u32,skip-if-false -> +0x3DC4,a
8,0x8,read,alu_eq,0,0x0,m0005i,4,0,+0x0D20,0x80012850,0x09,0 3 2 0,0xB 0x0 0x8 0x0,persist,cond,dst = (a == b),bit_exact,skip-if-false -> +0x3EA8,a
0,0x0,read,alu_and,2,0x2,m0005i,4,0,+0x0DBC,0x80012850,0x09,0 3 2 0,0x3 0x0 0x0 0x2,persist,cond,dst = a & b,u32,skip-if-false -> +0x3F58,a
1,0x1,write,assign,5,0x5,m0005i,4,0,+0x1068,0x800173F4,0x0A,2 0,0x1 0x5,imm,persist,,,,
74,0x4A,write,assign,38,0x26,m0005i,4,0,+0x1078,0x800173F4,0x0A,2 0,0x4A 0x26,imm,persist,,,,
74,0x4A,read,alu_slt_ab,40,0x28,m0005i,4,1,+0x14D8,0x80012850,0x09,0 3 2 0,0xA 0x0 0x4A 0x28,persist,cond,dst = (a < b) signed,slt,skip-if-false -> +0x32C0,a
74,0x4A,read,alu_slt_ab,39,0x27,m0005i,4,1,+0x151C,0x80012850,0x09,0 3 2 0,0xA 0x0 0x4A 0x27,persist,cond,dst = (a < b) signed,slt,skip-if-false -> +0x3304,a
74,0x4A,read,alu_eq,39,0x27,m0005i,4,1,+0x156C,0x80012850,0x09,0 3 2 0,0xB 0x0 0x4A 0x27,persist,cond,dst = (a == b),bit_exact,skip-if-false -> +0x3344,a
80,0x50,read,assign_from,,,m0005i,4,2,+0x1D84,0x800173F4,0x0A,4 2,0xA 0x50,persist,scratch,,,,
24,0x18,read,alu_or,1,0x1,m0005i,4,3,+0x25E4,0x80012850,0x09,0 3 2 0,0x2 0x1 0x18 0x1,persist,cond,dst = a | b,u32,,a
24,0x18,write,assign,,,m0005i,4,3,+0x25FC,0x800173F4,0x0A,2 3,0x18 0x1,cond,persist,,,,
1,0x1,write,assign,5,0x5,m0005i,4,3,+0x2634,0x800173F4,0x0A,2 0,0x1 0x5,imm,persist,,,,
24,0x18,read,alu_and,4294967294,0xFFFFFFFE,m0005i,4,3,+0x26D0,0x80012850,0x09,0 3 2 0,0x3 0x1 0x18 0xFFFFFFFE,persist,cond,dst = a & b,u32,,a
24,0x18,write,assign,,,m0005i,4,3,+0x26E8,0x800173F4,0x0A,2 3,0x18 0x1,cond,persist,,,,
1,0x1,write,assign,5,0x5,m0005i,4,3,+0x2720,0x800173F4,0x0A,2 0,0x1 0x5,imm,persist,,,,
74,0x4A,read,alu_sge_ab,40,0x28,m0005i,4,3,+0x273C,0x80012850,0x09,0 3 2 0,0xC 0x0 0x4A 0x28,persist,cond,dst = (a >= b) signed,slt,skip-if-false -> +0x355C,a
24,0x18,read,alu_or,1,0x1,m0005i,4,3,+0x27E4,0x80012850,0x09,0 3 2 0,0x2 0x1 0x18 0x1,persist,cond,dst = a | b,u32,,a
24,0x18,write,assign,,,m0005i,4,3,+0x27FC,0x800173F4,0x0A,2 3,0x18 0x1,cond,persist,,,,
1,0x1,write,assign,5,0x5,m0005i,4,3,+0x2834,0x800173F4,0x0A,2 0,0x1 0x5,imm,persist,,,,
24,0x18,read,alu_and,4294967294,0xFFFFFFFE,m0005i,4,3,+0x28D0,0x80012850,0x09,0 3 2 0,0x3 0x1 0x18 0xFFFFFFFE,persist,cond,dst = a & b,u32,,a
24,0x18,write,assign,,,m0005i,4,3,+0x28E8,0x800173F4,0x0A,2 3,0x18 0x1,cond,persist,,,,
1,0x1,write,assign,5,0x5,m0005i,4,3,+0x2920,0x800173F4,0x0A,2 0,0x1 0x5,imm,persist,,,,
74,0x4A,read,alu_slt_ab,40,0x28,m0005i,4,4,+0x29E4,0x80012850,0x09,0 3 2 0,0xA 0x1 0x4A 0x28,persist,cond,dst = (a < b) signed,slt,skip-if-false -> +0x3280,a
74,0x4A,read,alu_sge_ab,17,0x11,m0005i,4,4,+0x2A0C,0x80012850,0x09,0 3 2 0,0xC 0x2 0x4A 0x11,persist,cond,dst = (a >= b) signed,slt,skip-if-false -> +0x3280,a
74,0x4A,write,assign,40,0x28,m0005i,4,4,+0x2A34,0x800173F4,0x0A,2 0,0x4A 0x28,imm,persist,,,,
84,0x54,read,alu_and,8192,0x2000,m0005i,4,5,+0x2AD4,0x80012850,0x09,0 3 2 0,0x3 0x0 0x54 0x2000,persist,cond,dst = a & b,u32,skip-if-false -> +0x3230,a
84,0x54,read,alu_and,8192,0x2000,m0005i,4,5,+0x2DC8,0x80012850,0x09,0 3 2 0,0x3 0x0 0x54 0x2000,persist,cond,dst = a & b,u32,skip-if-false -> +0x360C,a
100,0x64,write,assign,,,m0005i,4,5,+0x2E80,0x800173F4,0x0A,2 1,0x64 0x8,actor_local,persist,,,,
84,0x54,read,alu_and,4294959103,0xFFFFDFFF,m0005i,4,5,+0x2EDC,0x80012850,0x09,0 3 2 0,0x3 0x0 0x54 0xFFFFDFFF,persist,cond,dst = a & b,u32,,a
84,0x54,write,assign,,,m0005i,4,5,+0x2EF4,0x800173F4,0x0A,2 3,0x54 0x0,cond,persist,,,,
84,0x54,read,alu_or,8192,0x2000,m0005i,4,5,+0x2F5C,0x80012850,0x09,0 3 2 0,0x2 0x0 0x54 0x2000,persist,cond,dst = a | b,u32,,a
84,0x54,write,assign,,,m0005i,4,5,+0x2F74,0x800173F4,0x0A,2 3,0x54 0x0,cond,persist,,,,
100,0x64,read,alu_eq,0,0x0,m0005i,4,5,+0x2F84,0x80012850,0x09,0 3 2 0,0xB 0x0 0x64 0x0,persist,cond,dst = (a == b),bit_exact,skip-if-false -> +0x36C4,a
100,0x64,read,assign_from,,,m0005i,4,5,+0x2FC8,0x800173F4,0x0A,1 2,0x9 0x64,persist,actor_local,,,,
100,0x64,write,assign,0,0x0,m0005i,4,5,+0x301C,0x800173F4,0x0A,2 0,0x64 0x0,imm,persist,,,,
100,0x64,write,assign,,,m0005i,4,5,+0x30C8,0x800173F4,0x0A,2 1,0x64 0x8,actor_local,persist,,,,
84,0x54,read,alu_and,4294959103,0xFFFFDFFF,m0005i,4,5,+0x3130,0x80012850,0x09,0 3 2 0,0x3 0x0 0x54 0xFFFFDFFF,persist,cond,dst = a & b,u32,,a
84,0x54,write,assign,,,m0005i,4,5,+0x3148,0x800173F4,0x0A,2 3,0x54 0x0,cond,persist,,,,
8,0x8,read,assign_from,,,m0005i,4,6,+0x31B0,0x800173F4,0x0A,1 2,0x11 0x8,persist,actor_local,,,,
80,0x50,write,assign,,,m0005i,4,6,+0x32E8,0x800173F4,0x0A,2 1,0x50 0x12,actor_local,persist,,,,
10,0xA,read,alu_and,1,0x1,m0005i,4,6,+0x3474,0x80012850,0x09,0 3 2 0,0x3 0x0 0xA 0x1,persist,cond,dst = a & b,u32,,a
18,0x12,read,alu_and,3,0x3,m0005i,4,6,+0x39B0,0x80012850,0x09,0 3 2 0,0x3 0x0 0x12 0x3,persist,cond,dst = a & b,u32,,a
18,0x12,read,alu_and,,,m0005i,4,6,+0x3AF4,0x80012850,0x09,0 3 2 1,0x3 0x0 0x12 0xE,persist,cond,dst = a & b,u32,,a
18,0x12,write,assign,,,m0005i,4,6,+0x3B0C,0x800173F4,0x0A,2 3,0x12 0x0,cond,persist,,,,
18,0x12,read,alu_or,,,m0005i,4,6,+0x3B34,0x80012850,0x09,0 3 2 3,0x2 0x1 0x12 0x0,persist,cond,dst = a | b,u32,,a
18,0x12,write,assign,,,m0005i,4,6,+0x3B4C,0x800173F4,0x0A,2 3,0x12 0x1,cond,persist,,,,
10,0xA,read,alu_srav,2,0x2,m0005i,4,6,+0x3B94,0x80012850,0x09,0 3 2 0,0x12 0x0 0xA 0x2,persist,cond,dst = a >> b arithmetic,i32,,a
10,0xA,read,alu_and,,,m0005i,4,6,+0x3C5C,0x80012850,0x09,0 3 2 1,0x3 0x0 0xA 0xE,persist,cond,dst = a & b,u32,,a
10,0xA,write,assign,,,m0005i,4,6,+0x3C74,0x800173F4,0x0A,2 3,0xA 0x0,cond,persist,,,,
10,0xA,read,alu_or,,,m0005i,4,6,+0x3CEC,0x80012850,0x09,0 3 2 1,0x2 0x0 0xA 0xE,persist,cond,dst = a | b,u32,,a
10,0xA,write,assign,,,m0005i,4,6,+0x3D04,0x800173F4,0x0A,2 3,0xA 0x0,cond,persist,,,,
10,0xA,read,alu_and,1,0x1,m0005i,4,6,+0x3EB4,0x80012850,0x09,0 3 2 0,0x3 0x1 0xA 0x1,persist,cond,dst = a & b,u32,,a
8,0x8,read,alu_eq,0,0x0,m0005i,4,6,+0x3F90,0x80012850,0x09,0 3 2 0,0xB 0x0 0x8 0x0,persist,cond,dst = (a == b),bit_exact,skip-if-false -> +0x3FD0,a
10,0xA,read,alu_and,2147483648,0x80000000,m0005i,4,6,+0x400C,0x80012850,0x09,0 3 2 0,0x3 0x1 0xA 0x80000000,persist,cond,dst = a & b,u32,skip-if-false -> +0x409C,a
8,0x8,read,alu_eq,0,0x0,m0005i,4,6,+0x4034,0x80012850,0x09,0 3 2 0,0xB 0x2 0x8 0x0,persist,cond,dst = (a == b),bit_exact,skip-if-false -> +0x4074,a
10,0xA,read,alu_and,4,0x4,m0005i,4,6,+0x409C,0x80012850,0x09,0 3 2 0,0x3 0x0 0xA 0x4,persist,cond,dst = a & b,u32,,a
10,0xA,read,alu_and,1,0x1,m0005i,4,6,+0x4A28,0x80012850,0x09,0 3 2 0,0x3 0x1 0xA 0x1,persist,cond,dst = a & b,u32,,a
8,0x8,read,alu_eq,0,0x0,m0005i,4,6,+0x4C10,0x80012850,0x09,0 3 2 0,0xB 0x0 0x8 0x0,persist,cond,dst = (a == b),bit_exact,skip-if-false -> +0x4C50,a
